LAST_NAME;PERSONAL_PHOTO;NAME;SECOND_NAME;WORK_POSITION;EMAIL;PERSONAL_BIRTHDAY;PERSONAL_GENDER;WORK_PHONE;UF_PHONE_INNER;PERSONAL_MOBILE;PERSONAL_ICQ;LOGIN;IBLOCK_SECTION_NAME_1;IBLOCK_SECTION_NAME_2;IBLOCK_SECTION_NAME_3;IBLOCK_SECTION_NAME_4
Ившина;b7a/42-17948709.gif;Мария;Николаевна;IT-специалист;m.ivshina@example.com;29.04.1984;F;+7 495 188 46 29;46 29;;431-874-61;m.ivshina;Московский филиал;IT-департамент;;
Горетов;288/1.jpg;Андрей;Степанович;Начальник охраны;a.goretov@example.com;01.01.1980;M;123-45-67;123-45-67;987-65-76;567-342-333;a.goretov;Московский филиал;Департамент службы безопасности;;
Ерошкин;972/2.jpg;Николай;Игоревич;Заместитель начальника охраны;n.eroshkin@example.com;02.01.1973;M;123-45-67;123-45-67;639-25-84;346-734-285;n.eroshkin;Московский филиал;Департамент службы безопасности;;
Ларюхина;2ca/3.jpg;Оксана;Евгениевна;Охранник;o.laryuhina@example.com;03.01.1954;F;123-43-25;123-45-67;773-53-76;;o.laryuhina;Московский филиал;Департамент службы безопасности;;
Лутошкин;5c4/4.jpg;Егор;Борисович;Охранник;e.lutoshkin@example.com;04.01.1956;M;123-65-34;235-34-52;435-21-68;;e.lutoshkin;Московский филиал;Департамент службы безопасности;;
Мамонтов;cf2/5.jpg;Станислав;Львович;Охранник;s.mamontov@example.com;05.01.1963;M;634-48-35;123-45-67;365-25-71;;s.mamontov;Московский филиал;Департамент службы безопасности;;
Назимов;c3e/42-17219855.gif;Вячеслав;Алексеевич;Охранник;v.nazimov@example.com;06.01.1982;M;345-23-34;123-45-67;435-23-78;432-159-999;v.nazimov;Московский филиал;Департамент службы безопасности;;
Оношкин;cd1/7.jpg;Анатолий;Романович;Охранник;a.onoshkin@example.com;07.01.1976;M;322-25-13;123-45-67;243-35-67;324-679;a.onoshkin;Московский филиал;Департамент службы безопасности;;
Фефелов;99c/8.jpg;Борис;Андреевич;Охранник;b.fefelov@example.com;08.01.1982;M;346-32-65;123-45-67;132-75-73;345-231-238;b.fefelov;Московский филиал;Департамент службы безопасности;;
Бандурин;274/9.jpg;Станислав;Станиславович;Генеральный директор;s.bandurin@example.com;09.01.1963;M;445-32-12;37;623-43-65;123-854;s.bandurin;Московский филиал;Дирекция;;
Панкрашев;287/73985274.gif;Леонид;Данилович;Заместитель генерального директора;l.pankrashev@example.com;10.01.1974;M;425-24-65;36;2436-65-46;123-253;l.pankrashev;Московский филиал;Дирекция;;
Петякина;aae/11.jpg;Кира;Вячеславовна;секретарь;k.petyakina@example.com;11.01.1985;F;231-22-23;10;235-23-12;123-256-662;k.petyakina;Московский филиал;Дирекция;;
Поршнев;b58/12.jpg;Андрей;Степанович;финансовый директор;a.porshnev@example.com;12.01.1973;M;235-35-12;23;453-23-14;124-742-112;a.porshnev;Московский филиал;Дирекция;;
Твердохлебова;fff/13.jpg;Виктория;Вадимовна;коммерческий директор;v.tverdohlebova@example.com;13.01.1980;F;345-43-24;12;234-43-52;234-876;v.tverdohlebova;Московский филиал;Дирекция;;
Тихомиров;66e/14.jpg;Данила;Вячеславович;технический директор;d.tihomirov@example.com;14.01.1965;M;235-76-53;45;234-76-48;453-663-128;d.tihomirov;Московский филиал;Дирекция;;
Уварова;a19/15.jpg;Дарья;Витальевна;исполнительный директор;d.uvarova@example.com;15.01.1983;F;634-66-62;9;354-64-32;546-235-634;d.uvarova;Московский филиал;Дирекция;;
Часовщиков;38a/16.jpg;Юрий;Анатолиевич;Юрист;yu.chasovschikov@example.com;16.01.1979;M;435-55-24;88;345-22-67;234-765;yu.chasovschikov;Московский филиал;Юридический отдел;;
Янина;c6c/17.jpg;Марина;Вячеславовна;Юрист;m.yanina@example.com;17.01.1983;M;546-57-34;89;354-67-72;456-123-863;m.yanina;Московский филиал;Юридический отдел;;
Бибикова;a59/18.jpg;Зинаида;Даниловна;Юрист;z.bibikova@example.com;18.01.1979;F;346-32-34;33;456-82-34;456-765-932;z.bibikova;Московский филиал;Юридический отдел;;
Галимов;d5c/20.jpg;Егор;Григориевич;менеджер;e.galimov@example.com;19.01.1975;M;546-56-23;91;345-76-12;435-965-572;e.galimov;Московский филиал;Аналитический отдел;;
Дорохов;3c9/25.jpg;Алексей;Николаевич;инженер;a.dorohov@example.com;20.01.1981;M;435-67-34;34;345-65-54;855-345;a.dorohov;Московский филиал;Аналитический отдел;;
Бузунова;1cf/19.jpg;Полина;Степанова;менеджер;p.buzunova@example.com;21.01.1978;F;345-67-35;84;325-65-45;344-456;p.buzunova;Московский филиал;Аналитический отдел;;
Аношкин;2da/24.jpg;Геннадий;Андреевич;менеджер;g.anoshkin@example.com;22.01.1976;M;123-54-12;42;234-65-63;234-655-754;g.anoshkin;Московский филиал;Аналитический отдел;;
Астафьев;078/23.jpg;Ефим;Виталиевич;аналитик;e.astafev@example.com;23.01.1969;M;356-56-32;31;234-67-31;325-652-363;e.astafev;Московский филиал;Аналитический отдел;;
Ворошилов;542/73607895.gif;Аркадий;Александрович;аналитик;a.voroshilov@example.com;24.01.1982;M;234-65-32;11;345-87-45;413-225-833;a.voroshilov;Московский филиал;Аналитический отдел;;
Егин;588/21.jpg;Евгений;Вадимович;менеджер;e.egin@example.com;25.01.1973;M;856-45-21;5;234-65-12;123-231-123;e.egin;Московский филиал;Аналитический отдел;;
Елпидин;f20/26.jpg;Иван;Викторович;менеджер;i.elpidin@example.com;26.01.1977;M;222-33-55;1;123-55-65;243-456-987;i.elpidin;Московский филиал;Департамент по работе с клиентами;Call centre;
Селин;974/27.jpg;Александр;Станиславович;менеджер;a.selin@example.com;27.01.1982;M;333-44-11;2;341-43-52;456-765;a.selin;Московский филиал;Департамент по работе с клиентами;Call centre;
Щукин;6df/28.jpg;Илья;Константинович;менеджер;i.schukin@example.com;28.01.1986;M;333-44-22;3;345-75-12;394-232-195;i.schukin;Московский филиал;Департамент по работе с клиентами;Call centre;
Ящуков;e3f/42-17475932.gif;Павел;Виталиевич;менеджер;p.yaschukov@example.com;30.01.1973;M;364-23-14;7;345-67-32;345-234-987;p.yaschukov;Московский филиал;Департамент по работе с клиентами;Call centre;
Шестиперова;b8f/woman3_big.jpg;София;Тихоновна;менеджер;s.shestiperova@example.com;31.01.1977;F;856-34-56;123;573-56-78;674-865-456;s.shestiperova;Московский филиал;Департамент по работе с клиентами;Call centre;
Трефолев;efb/42-17395771.gif;Николай;Николаевич;менеджер;n.trefolev@example.com;01.02.1981;M;345-22-34;125;325-65-87;434-556;n.trefolev;Московский филиал;Департамент по работе с клиентами;Call centre;
Охохонин;24a/m12_big.jpg;Георгий;Аркадиевич;менеджер;g.ohohonin@example.com;02.02.1970;M;453-67-32;876;668-53-87;456-768-900;g.ohohonin;Московский филиал;Департамент по работе с клиентами;Call centre;
Недозевин;1bd/m13_big.jpg;Руслан;Львович;менеджер;r.nedozevin@example.com;03.02.1985;M;345-67-88;87;567-65-66;234-987-786;r.nedozevin;Московский филиал;Департамент по работе с клиентами;Call centre;
Илларионов;d0f/42-18113577.gif;Матвей;Геннадиевич;менеджер;m.illarionov@example.com;04.02.1988;M;334-44-22;85;453-66-87;456-65-34;m.illarionov;Московский филиал;Департамент по работе с клиентами;Call centre;
Карамышева;554/woman2_big.jpg;Дарья;Ярославовна;менеджер;d.karamysheva@example.com;05.02.1987;F;444-45-34;343;345-33-12;345-936-544;d.karamysheva;Московский филиал;Департамент по работе с клиентами;Call centre;
Загудалов;159/42-17224259.gif;Василий;Станиславович;менеджер;v.zagudalov@example.com;06.02.1986;M;564-56-34;234;346-65-54;564-768-776;v.zagudalov;Московский филиал;Департамент по работе с клиентами;Call centre;
Савоськина;33c/42-17830889.gif;Екатерина;Василиевна;менеджер;e.savoskina@example.com;07.02.1986;F;454-33-42;121;345-65-43;343-454-223;e.savoskina;Московский филиал;Департамент по работе с клиентами;Call centre;
Абрамов;5a4/m10_big.jpg;Константин;Юрьевич;менеджер;k.abramov@example.com;01.02.1976;M;123-45-67;12;456-56-89;546-235-612;k.abramov;Петербургский филиал;Администрация;;
Адрова;096/w10_big.jpg;Светлана;Александровна;менеджер;s.adrova@example.com;02.02.1978;F;324-56-89;14;343-65-89;678-678-234;s.adrova;Петербургский филиал;Администрация;;
Азнаурян;5ec/m11_big.jpg;Никита;Акопович;администратор;n.aznauryan@example.com;03.02.1975;M;123-67-78;16;657-89-23;355-567-678;n.aznauryan;Петербургский филиал;Администрация;;
Айткулов;f45/42-18249127.gif;Руслан;Медихатович;аналитик;r.ajtkulov@example.com;04.02.1974;M;124-67-78;12;456-27-98;456-789-456;r.ajtkulov;Петербургский филиал;Отдел развития;Аналитический отдел;
Анваер;9c8/42-18113578.gif;Евгений;Евгеньевич;аналитик;e.anvaer@example.com;05.02.1975;M;457-67-89;34;678-78-78;567-344-899;e.anvaer;Петербургский филиал;Отдел развития;Аналитический отдел;
Андреев;b0d/m14_big.jpg;Алексей;Валерьевич;аналитик;a.andreev@example.com;06.02.1976;M;244-56-98;21;567-87-43;456-776-432;a.andreev;Петербургский филиал;Отдел развития;Аналитический отдел;
Андреева;ce5/w11_big.jpg;Алла;Александровна;аналитик;a.andreeva@example.com;07.02.1980;F;456-23-57;54;456-78-21;567-789-324;a.andreeva;Петербургский филиал;Отдел развития;Аналитический отдел;
Анисимов;de7/m15_big.jpg;Владимир;Юрьевич;аналитик;v.anisimov@example.com;08.02.1976;M;345-56-75;24;567-88-89;456-788-342;v.anisimov;Петербургский филиал;Отдел развития;Аналитический отдел;
Барбараш;bce/w12_big.jpg;Марина;Борисовна;аналитик;m.barbarash@example.com;09.02.1976;F;345-67-78;56;567-67-79;458-448-638;m.barbarash;Петербургский филиал;Отдел развития;Аналитический отдел;
Белоконь;82c/w13_big.jpg;Наталья;Игоревна;администратор;n.belokon@example.com;10.02.1981;F;567-67-78;34;456-57-78;568-788-556;n.belokon;Петербургский филиал;Отдел развития;Аналитический отдел;
Артемчук;5fc/16b.jpg;Игорь;Александрович;координатор;i.artemchuk@example.com;11.02.1972;M;433-55-58;45;455-67-77;356-565-788;i.artemchuk;Петербургский филиал;Отдел развития;Аналитический отдел;
Афанасьев;87d/18b.jpg;Дмитрий;Сергеевич;менеджер по развитию;d.afanasev@example.com;12.02.1969;M;356-57-68;47;451-45-89;456-976-543;d.afanasev;Петербургский филиал;Отдел развития;Отдел стратегического планирования;
Вадатурская;77e/w14_big.jpg;Наталья;Александровна;менеджер по развитию;n.vadaturskaya@example.com;13.02.1981;F;547-67-56;42;413-67-67;423-848-678;n.vadaturskaya;Петербургский филиал;Отдел развития;Отдел стратегического планирования;
Гнездилова;a3e/42-18010718.gif;Надежда;Александровна;менеджер по развитию;n.gnezdilova@example.com;14.02.1975;F;578-56-78;22;452-56-45;135-567-765;n.gnezdilova;Петербургский филиал;Отдел развития;Отдел стратегического планирования;
Баев;44c/m16_big.jpg;Владимир;Валерьевич;эксперт;v.baev@example.com;15.02.1978;M;345-27-67;17;789-45-67;321-678-436;v.baev;Петербургский филиал;Отдел развития;Экспертный отдел;
Бибиков;1cf/42-17503976.gif;Кирилл;Васакович;эксперт;k.bibikov@example.com;16.02.1980;M;233-56-78;76;426-59-89;678-368-356;k.bibikov;Петербургский филиал;Отдел развития;Экспертный отдел;
Дайчик;ad6/w16_big.jpg;Марина;Валерьевна;эксперт;m.dajchik@example.com;17.02.1983;F;875-86-74;53;519-67-98;978-543-345;m.dajchik;Петербургский филиал;Отдел развития;Экспертный отдел;
Болонкин;c9c/m18_big.jpg;Андрей;Владимирович;менеджер;a.bolonkin@example.com;18.02.1980;M;561-56-42;31;429-67-89;623-789-234;a.bolonkin;Петербургский филиал;Отдел информационного обеспечения;;
Борисенко;db6/42-17663773.gif;Григорий;Валерьевич;менеджер;g.borisenko@example.com;19.02.1975;M;678-78-23;59;598-67-54;521-985-378;g.borisenko;Петербургский филиал;Отдел информационного обеспечения;;
Боцула;d8d/m20_big.jpg;Алексей;Андреевич;менеджер;a.bocula@example.com;20.02.1976;M;490-45-27;19;512-67-39;789-345-666;a.bocula;Петербургский филиал;Отдел информационного обеспечения;;
Дегтярева;5e4/42-18086651.gif;Анна;Александровна;менеджер;a.degtyareva@example.com;21.02.1972;F;478-34-67;41;134-89-38;638-567-284;a.degtyareva;Петербургский филиал;Отдел информационного обеспечения;;
Буздин;6e3/24b.jpg;Константин;Викторович;начальник отдела;k.buzdin@example.com;22.02.1971;M;432-67-82;71;189-40-29;230-789-386;k.buzdin;Петербургский филиал;Отдел информационного обеспечения;;
Жукова;52a/42-17703087.gif;Ксения;Владимировна;бухгалтер;k.zhukova@example.com;23.02.1974;F;492-56-68;51;549-56-98;438-789-234;k.zhukova;Петербургский филиал;Финансовый отдел;Бухгалтерия;
Ивлева;eb1/w18_big.jpg;Ирина;Ивановна;бухгалтер;i.ivleva@example.com;24.02.1978;F;390-67-43;43;460-78-09;512-784-573;i.ivleva;Петербургский филиал;Финансовый отдел;Бухгалтерия;
Денисова;9c2/w19_big.jpg;Анастасия;Валерьевна;бухгалтер;a.denisova@example.com;25.02.1980;F;646-67-55;44;648-46-23;451-563-398;a.denisova;Петербургский филиал;Финансовый отдел;Бухгалтерия;
Илларионова;3b7/72727403.gif;Людмила;Владимировна;бухгалтер;l.illarionova@example.com;26.02.1976;F;630-76-65;85;401-67-83;410-534-937;l.illarionova;Петербургский филиал;Финансовый отдел;Бухгалтерия;
Бурков;1a1/22b.jpg;Александр;Сергеевич;начальник отдела;a.burkov@example.com;27.02.1976;M;341-56-46;67;734-68-78;766-467-436;a.burkov;Петербургский филиал;Финансовый отдел;Бухгалтерия;
Бутвина;3b3/42-17764926.gif;Алексей;Моисеевич;менеджер;a.butvina@example.com;28.02.1976;M;619-65-33;55;402-34-23;322-540-329;a.butvina;Петербургский филиал;Финансовый отдел;Отдел финансового планирования;
Бухтояров;cc6/42-17676311.gif;Виктор;Евгеньевич;менеджер;v.buhtoyarov@example.com;01.03.1977;M;309-56-85;63;465-35-71;429-678-827;v.buhtoyarov;Петербургский филиал;Финансовый отдел;Отдел финансового планирования;
Бушнев;c12/m23_big.jpg;Александр;Владимирович;начальник отдела;a.bushnev@example.com;02.03.1972;M;987-84-65;81;501-67-85;490-438-782;a.bushnev;Петербургский филиал;Финансовый отдел;Отдел финансового планирования;
Вязовецкий;baa/m24_big.jpg;Петр;Юрьевич;менеджер;p.vyazoveckij@example.com;03.03.1975;M;789-37-31;52;439-31-28;336-156-989;p.vyazoveckij;Петербургский филиал;Финансовый отдел;Отдел финансового планирования;
Герасев;e1f/m25_big.jpg;Александр;Витальевич;сотрудник call center;a.gerasev@example.com;04.03.1980;M;403-43-67;46;403-48-73;561-680-421;a.gerasev;Петербургский филиал;Отдел по работе с клиентами;Call centre;
Казинова;53f/42-17923978.gif;Ольга;Александровна;сотрудник call center;o.kazinova@example.com;05.03.1982;F;404-85-34;47;502-45-67;467-765-356;o.kazinova;Петербургский филиал;Отдел по работе с клиентами;Call centre;
Герасюк;ada/man2_big.jpg;Алексей;Алексевич;специалист;a.gerasyuk@example.com;06.03.1981;M;423-57-62;10;516-67-54;356-249-628;a.gerasyuk;Петербургский филиал;Отдел по работе с клиентами;Отдел клиентской поддержки;
Грищенко;792/man3_big.jpg;Андрей;Вячеславович;специалист;a.grischenko@example.com;07.03.1982;M;387-21-73;23;368-23-78;304-679-850;a.grischenko;Петербургский филиал;Отдел по работе с клиентами;Отдел клиентской поддержки;
Давыдов;7ed/42-17655097.gif;Алексей;Юрьевич;маркетолог;a.davydov@example.com;08.03.1974;M;567-23-68;57;570-57-57;614-858-589;a.davydov;Петербургский филиал;Отдел маркетинга;Отдел Public Relation;
Шамшурина;096/42-17621060.gif;Людмила;Львовна;менеджер;l.shamshurina@example.com;07.02.1984;F;453-56-34;345;345-67-45;253-345-353;l.shamshurina;Московский филиал;Департамент по работе с клиентами;Отдел клиентской поддержки;
Ярошенко;f64/42-18099963.gif;Геннадий;Сергеевич;менеджер;g.yaroshenko@example.com;08.02.1985;M;670-23-86;34;563-87-76;455-342;g.yaroshenko;Московский филиал;Департамент по работе с клиентами;Отдел клиентской поддержки;
Дайчик;b84/2b.jpg;Сергей;Львович;маркетолог;s.dajchik@example.com;09.03.1978;M;624-67-68;72;312-87-87;912-873-968;s.dajchik;Петербургский филиал;Отдел маркетинга;Отдел Public Relation;
Теплова;bcb/w15_big.jpg;Ксения;Дмитриевна;менеджер;k.teplova@example.com;09.02.1978;F;434-45-67;37;454-77-54;564-769-324;k.teplova;Московский филиал;Департамент по работе с клиентами;Отдел клиентской поддержки;
Согрин;2c8/m17_big.jpg;Данила;Виталиевич;менеджер;d.sogrin@example.com;10.02.1978;M;546-78-12;11;546-66-78;564-657-543;d.sogrin;Московский филиал;Департамент по работе с клиентами;Отдел клиентской поддержки;
Дедков;99f/3b.jpg;Дмитрий;Анатольевич;маркетолог;d.dedkov@example.com;10.03.1975;M;912-67-29;11;410-62-09;318-469-396;d.dedkov;Петербургский филиал;Отдел маркетинга;Отдел Public Relation;
Рахманинов;164/42-17884084.gif;Игорь;Георгиевич;менеджер;i.rahmaninov@example.com;11.02.1968;M;564-11-21;15;967-26-56;564-450-556;i.rahmaninov;Московский филиал;Департамент по работе с клиентами;Отдел клиентской поддержки;
Касьяненко;75d/1b.jpg;Юлия;Ивановна;маркетолог;yu.kasyanenko@example.com;11.03.1980;F;401-78-73;82;290-56-29;104-982-486;yu.kasyanenko;Петербургский филиал;Отдел маркетинга;Отдел Public Relation;
Недокучаев;5b8/42-17924856.gif;Тихон;Петрович;менеджер;t.nedokuchaev@example.com;12.02.1983;M;435-68-56;16;767-32-43;675-345-233;t.nedokuchaev;Московский филиал;Департамент по работе с клиентами;Отдел клиентской поддержки;
Демьянов;030/19b.jpg;Егор;Александрович;маркетолог;e.demyanov@example.com;12.03.1976;M;732-56-30;90;865-25-76;610-750-539;e.demyanov;Петербургский филиал;Отдел маркетинга;Отдел Public Relation;
Карпухина;ef2/42-17751561.gif;Ксения;Валериевна;менеджер;k.karpuhina@example.com;13.02.1979;F;564-65-34;23;546-45-45;453-566-453;k.karpuhina;Московский филиал;Департамент по работе с клиентами;Отдел клиентской поддержки;
Абрамцев;012/42-17942495.gif;Александр;Николаевич;менеджер;a.abramcev@example.com;14.02.1976;M;453-77-66;453;879-54-38;345-234-112;a.abramcev;Московский филиал;Департамент по работе с клиентами;Отдел клиентской поддержки;
Вереитинов;3d6/m21_big.jpg;Кирилл;Леонидович;менеджер;k.vereitinov@example.com;15.02.1982;M;435-67-45;76;675-46-23;342-567-234;k.vereitinov;Московский филиал;Департамент по работе с клиентами;Расчетно-сервисный центр;
Дерябин;e4f/m22_big.jpg;Игорь;Вячеславович;менеджер;i.deryabin@example.com;16.02.1981;M;856-24-34;39;543-87-32;;i.deryabin;Московский филиал;Департамент по работе с клиентами;Расчетно-сервисный центр;
Дубровский;981/man5b.jpg;Алексей;Дмитриевич;менеджер по рекламе;a.dubrovskij@example.com;13.03.1979;M;405-63-75;58;731-67-96;472-523-965;a.dubrovskij;Петербургский филиал;Отдел маркетинга;Отдел рекламы;
Петрушенкова;18b/42-17933622.gif;Евгения;Борисовна;менеджер;e.petrushenkova@example.com;17.02.1983;F;564-66-23;623;945-25-45;;e.petrushenkova;Московский филиал;Департамент по работе с клиентами;Расчетно-сервисный центр;
Жериков;a3c/42-17611981.gif;Андрей;Валерьевич;менеджер по рекламе;a.zherikov@example.com;14.03.1976;M;310-94-68;25;958-98-04;471-686-464;a.zherikov;Петербургский филиал;Отдел маркетинга;Отдел рекламы;
Пупышев;2bb/42-17949408.gif;Василий;Алексеевич;менеджер;v.pupyshev@example.com;18.02.1987;M;342-65-56;27;342-65-87;342-546-876;v.pupyshev;Московский филиал;Департамент по работе с клиентами;Расчетно-сервисный центр;
Коняхина;aaf/4b.jpg;Светлана;Евгеньевна;менеджер по рекламе;s.konyahina@example.com;15.03.1974;F;812-67-04;26;623-87-48;404-792-334;s.konyahina;Петербургский филиал;Отдел маркетинга;Отдел рекламы;
Звенков;2bf/7b.jpg;Дмитрий;Сергеевич;менеджер по рекламе;d.zvenkov@example.com;16.03.1961;M;938-34-73;73;504-55-66;870-357-295;d.zvenkov;Петербургский филиал;Отдел маркетинга;Отдел рекламы;
Таловеров;e39/man3_big.jpg;Тимофей;Тимофеевич;менеджер;t.taloverov@example.com;19.02.1981;M;345-74-23;765;346-32-12;234-565-122;t.taloverov;Московский филиал;Департамент по работе с клиентами;Расчетно-сервисный центр;
Корнева;d4b/3b.jpg;Виктория;Андреевна;менеджер по рекламе;v.korneva@example.com;17.03.1969;F;946-89-78;74;643-78-34;358-743-678;v.korneva;Петербургский филиал;Отдел маркетинга;Отдел рекламы;
Иванов;f17/8b.jpg;Кирилл;Владимирович;юрист;k.ivanov@example.com;18.03.1965;M;721-87-43;91;853-78-37;656-664-389;k.ivanov;Петербургский филиал;Юридический отдел;;
Каплун;d6f/9b.jpg;Арсений;Борисович;юрист;a.kaplun@example.com;19.03.1963;M;406-74-29;61;659-45-83;845-447-386;a.kaplun;Петербургский филиал;Юридический отдел;;
Карцев;987/10b.jpg;Константин;Александрович;юрист;k.karcev@example.com;20.03.1965;M;679-49-20;75;611-85-84;436-520-561;k.karcev;Петербургский филиал;Юридический отдел;;
Качалин;9e5/11b.jpg;Алексей;Игоревич;юрист;a.kachalin@example.com;21.03.1973;M;902-67-93;62;731-67-67;421-378-530;a.kachalin;Петербургский филиал;Юридический отдел;;
Китов;10b/12b.jpg;Виктор;Владимирович;юрист-консультант;v.kitov@example.com;22.03.1978;M;368-46-75;64;359-47-86;432-448-287;v.kitov;Петербургский филиал;Юридический отдел;;
Щекотуров;2c4/man_big.jpg;Дмитрий;Дмитриевич;менеджер;d.schekoturov@example.com;20.02.1982;M;456-23-76;38;567-32-43;564-234-898;d.schekoturov;Московский филиал;Департамент по работе с клиентами;Расчетно-сервисный центр;
Клинов;198/13b.jpg;Максим;Сергеевич;охранник;m.klinov@example.com;23.03.1976;M;644-65-38;77;459-65-34;437-548-826;m.klinov;Петербургский филиал;Отдел службы безопасности;;
Ключников;b05/14b.jpg;Вячеслав;Олегович;охранник;v.klyuchnikov@example.com;24.03.1975;M;701-76-23;83;499-38-54;598-322-329;v.klyuchnikov;Петербургский филиал;Отдел службы безопасности;;
Кобиашвили;132/17b.jpg;Иосиф;Рафаэльевич;охранник;i.kobiashvili@example.com;25.03.1979;M;305-58-93;84;568-26-28;393-398-095;i.kobiashvili;Петербургский филиал;Отдел службы безопасности;;
Ковалев;925/15b.jpg;Юрий;Александрович;охранник;yu.kovalev@example.com;26.03.1979;M;958-86-62;78;743-76-33;653-653-157;yu.kovalev;Петербургский филиал;Отдел службы безопасности;;
Кондратьев;0a1/20b.jpg;Владимир;Ярославович;директор;v.kondratev@example.com;27.03.1967;M;533-54-28;1;543-83-53;657-652-422;v.kondratev;Петербургский филиал;Администрация;;
Корниенко;51c/23b.jpg;Михаил;Юрьевич;заместитель директора;m.kornienko@example.com;28.03.1963;M;632-56-28;2;432-93-85;432-854-748;m.kornienko;Петербургский филиал;Администрация;;
Коробкова;71d/5b.jpg;Светлана;Викторовна;менеджер по развитию;s.korobkova@example.com;29.03.1979;F;429-98-82;79;536-65-34;456-943-933;s.korobkova;Петербургский филиал;Отдел развития;Отдел стратегического планирования;
Кулешова;ef1/9b.jpg;Мария;Игоревна;менеджер по развитию;m.kuleshova@example.com;30.03.1980;F;843-96-32;49;633-58-54;455-437-765;m.kuleshova;Петербургский филиал;Отдел развития;Отдел стратегического планирования;
Максимова;d8c/11b.jpg;Елена;Васильевна;эксперт;e.maksimova@example.com;01.04.1983;F;532-28-83;86;235-68-09;235-736-195;e.maksimova;Петербургский филиал;Отдел развития;Экспертный отдел;
Маравина;def/10b.jpg;Татьяна;Александровна;начальник отдела;t.maravina@example.com;02.04.1960;F;320-34-28;93;367-93-93;304-679-851;t.maravina;Петербургский филиал;Отдел развития;Экспертный отдел;
Матвиенко;bfe/12b.jpg;Екатерина;Андреевна;менеджер;e.matvienko@example.com;03.04.1976;F;433-99-93;87;389-23-75;524-855-876;e.matvienko;Петербургский филиал;Отдел информационного обеспечения;;
Матусевич;784/17b.jpg;Ольга;Викторовна;менеджер;o.matusevich@example.com;04.04.1976;F;328-98-73;95;366-75-54;646-574-744;o.matusevich;Петербургский филиал;Отдел информационного обеспечения;;
Медведева;141/22b.jpg;Мария;Юрьевна;менеджер;m.medvedeva@example.com;05.04.1976;F;239-98-95;88;345-54-60;363-878-267;m.medvedeva;Петербургский филиал;Отдел информационного обеспечения;;
Меньшикова;f3d/13b.jpg;Анна;Владимировна;менеджер;a.menshikova@example.com;06.04.1962;F;345-53-54;65;256-57-77;435-865-467;a.menshikova;Петербургский филиал;Отдел информационного обеспечения;;
Моргунова;f36/14b.jpg;Инна;Юрьевна;менеджер;i.morgunova@example.com;07.04.1969;F;267-86-33;27;346-78-77;648-685-124;i.morgunova;Петербургский филиал;Отдел информационного обеспечения;;
Мусатова;7fe/15b.jpg;Елена;Игоревна;менеджер;e.musatova@example.com;08.04.1975;F;432-66-89;94;463-97-77;765-690-866;e.musatova;Петербургский филиал;Финансовый отдел;Отдел финансового планирования;
Парамонова;de6/16b.jpg;Дарья;Александровна;сотрудник call center;d.paramonova@example.com;09.04.1972;F;456-54-53;48;256-76-66;235-853-754;d.paramonova;Петербургский филиал;Отдел по работе с клиентами;Call centre;
Харькова;ba7/18b.jpg;Ирина;Ивановна;сотрудник call center;i.harkova@example.com;10.04.1980;F;566-54-44;87;467-85-64;432-167-398;i.harkova;Петербургский филиал;Отдел по работе с клиентами;Call centre;
Царева;958/19b.jpg;Евгения;Александровна;сотрудник call center;e.careva@example.com;11.04.1980;F;580-98-76;89;647-48-44;754-559-965;e.careva;Петербургский филиал;Отдел по работе с клиентами;Call centre;
Шарова;d81/20b.jpg;Мария;Сергеевна;сотрудник call center;m.sharova@example.com;12.04.1981;F;135-55-83;96;347-52-62;439-391-911;m.sharova;Петербургский филиал;Отдел по работе с клиентами;Call centre;
Шевцова;f57/21lb.jpg;Ирина;Геннадьевна;сотрудник call center;i.shevcova@example.com;13.10.1980;F;156-844-588;566;146-65-44;526-522-239;i.shevcova;Петербургский филиал;Отдел по работе с клиентами;Call centre;
Шкалева;257/22b.jpg;Екатерина;Сергеевна;сотрудник call center;e.shkaleva@example.com;14.04.1980;F;984-87-98;125;269-84-53;366-844-743;e.shkaleva;Петербургский филиал;Отдел по работе с клиентами;Call centre;
Степанова;6d7/23b.jpg;Марина;Алексеевна;специалист;m.stepanova@example.com;15.04.1980;F;873-89-49;679;230-96-69;429-289-296;m.stepanova;Петербургский филиал;Отдел по работе с клиентами;Call centre;
Титова;e20/24b.jpg;Екатирина;Львовна;специалист;e.titova@example.com;16.04.1980;F;267-72-16;759;451-45-90;256-448-444;e.titova;Петербургский филиал;Отдел по работе с клиентами;Отдел клиентской поддержки;
Укладова;188/25b.jpg;Александра;Владимировна;специалист;a.ukladova@example.com;17.04.1982;F;566-54-67;950;426-87-89;426-673-633;a.ukladova;Петербургский филиал;Отдел по работе с клиентами;Отдел клиентской поддержки;
Федулова;d3a/26b.jpg;Ирина;Александровна;специалист;i.fedulova@example.com;18.04.1979;F;456-58-79;900;267-62-62;457-598-428;i.fedulova;Петербургский филиал;Отдел по работе с клиентами;Отдел клиентской поддержки;
Старовойтова;7a3/27b.jpg;Елена;Ивановна;специалист;e.starovojtova@example.com;19.04.1980;F;975-22-54;678;744-85-33;435-933-622;e.starovojtova;Петербургский филиал;Отдел по работе с клиентами;Отдел клиентской поддержки;
Семакина;5dc/28b.jpg;Галина;Евгеньевна;специалист;g.semakina@example.com;20.04.1980;F;843-56-38;645;442-709-439;356-856-844;g.semakina;Петербургский филиал;Отдел по работе с клиентами;Отдел клиентской поддержки;
Перелыгина;446/29b.jpg;Евгения;Михайловна;специалист;e.perelygina@example.com;21.04.1980;F;545-55-62;679;435-768-622;367-363-567;e.perelygina;Петербургский филиал;Отдел по работе с клиентами;Отдел клиентской поддержки;
Петренко;66a/32b.jpg;Дарья;Сергеевна;специалист;d.petrenko@example.com;22.04.1980;F;239-52-39;984;653-64-76;568-569-853;d.petrenko;Петербургский филиал;Отдел по работе с клиентами;Отдел клиентской поддержки;
Петровцева;8bf/33b.jpg;Мария;Александровна;специалист;m.petrovceva@example.com;23.04.1980;F;456-67-87;890;542-83-56;843-332-822;m.petrovceva;Петербургский филиал;Отдел по работе с клиентами;Отдел клиентской поддержки;
Пушкина;12b/30b.jpg;Елизавета;Юрьевна;юрист;e.pushkina@example.com;24.04.1968;F;543-63-52;367;238-43-23;;e.pushkina;Петербургский филиал;Юридический отдел;;
Ревина;c93/31b.jpg;Мария;Сергеевна;юрист;m.revina@example.com;25.04.1976;F;337-23-42;690;289-44-84;238-289-328;m.revina;Петербургский филиал;Юридический отдел;;
Костенко;ff7/21b.jpg;Борис;Борисович;охранник;b.kostenko@example.com;26.04.1978;M;438-28-32;332;289-22-38;156-229-178;b.kostenko;Петербургский филиал;Отдел службы безопасности;;
Котик;c14/25b.jpg;Сергей;Витальевич;охранник;s.kotik@example.com;27.04.1980;M;330-32-31;399;562-52-78;320-841-218;s.kotik;Петербургский филиал;Отдел службы безопасности;;
Юлдашев;3c7/1.jpg;Петр;Тимофеевич;менеджер;p.yuldashev@example.com;21.02.1980;M;342-56-45;94;453-57-23;123-432-123;p.yuldashev;Московский филиал;IT-департамент;Отдел информационно-управляющих систем;
Гладышев;81e/2.jpg;Константин;Иванович;менеджер;k.gladyshev@example.com;22.02.1983;M;342-54-56;65;237-65-54;375-760-4456;k.gladyshev;Московский филиал;IT-департамент;Отдел информационно-управляющих систем;
Бадыгин;966/42-17195835.gif;Олег;Львович;менеджер;o.badygin@example.com;23.02.1976;M;473-45-23;43;345-23-14;439-54-261;o.badygin;Московский филиал;IT-департамент;Отдел информационно-управляющих систем;
Нахабин;f28/4.jpg;Илья;Владимирович;менеджер;i.nahabin@example.com;24.02.1980;M;652-43-64;46;274-45-32;675-143-866;i.nahabin;Московский филиал;IT-департамент;Отдел информационно-управляющих систем;
Репнин;1ae/5.jpg;Лев;Егорович;менеджер;l.repnin@example.com;25.02.1983;M;274-65-32;68;675-43-32;435-645-132;l.repnin;Московский филиал;IT-департамент;Отдел информационно-управляющих систем;
Самохина;c1a/0000350851-005.jpg;Ксения;Григориевна;менеджер;k.samohina@example.com;26.02.1983;F;435-67-92;32;384-35-53;432-645-132;k.samohina;Московский филиал;IT-департамент;Отдел информационно-управляющих систем;
Петюнина;8ff/AX049682.jpg;Зоя;Викторовна;менеджер;z.petyunina@example.com;27.02.1979;F;687-13-67;65;257-12-65;653-275;z.petyunina;Московский филиал;IT-департамент;Отдел новых пкс-технологий;
Мишкина;f19/AX061622.jpg;Наталия;Евгениевна;менеджер;n.mishkina@example.com;28.02.1984;F;267-12-68;72;724-23-86;432-457-324;n.mishkina;Московский филиал;IT-департамент;Отдел новых пкс-технологий;
Забродин;120/6.jpg;Аркадий;Николаевич;менеджер;a.zabrodin@example.com;01.03.1983;M;835-32-78;89;265-56-35;247-346-306;a.zabrodin;Московский филиал;IT-департамент;Отдел новых пкс-технологий;
Серебренников;59f/7.jpg;Андрей;Тихонович;менеджер;a.serebrennikov@example.com;01.03.1981;M;264-43-13;49;164-45-26;453-345-382;a.serebrennikov;Московский филиал;IT-департамент;Отдел новых пкс-технологий;
Янчевский;92a/8.jpg;Алексей;Евгениевич;менеджер;a.yanchevskij@example.com;02.03.1997;M;635-64-12;69;263-78-23;264-873;a.yanchevskij;Московский филиал;IT-департамент;Отдел новых пкс-технологий;
Выготский;25e/9.jpg;Виктор;Борисович;менеджер;v.vygotskij@example.com;03.03.1985;M;274-45-12;29;164-43-68;374-854-234;v.vygotskij;Московский филиал;IT-департамент;Отдел новых пкс-технологий;
Каврайский;4c0/10.jpg;Руслан;Иванович;менеджер;r.kavrajskij@example.com;04.03.1983;M;127-84-43;47;167-47-45;374-463;r.kavrajskij;Московский филиал;IT-департамент;Отдел новых пкс-технологий;
Мещерякова;cbd/AX073382.jpg;Алла;Станиславовна;менеджер;a.mescheryakova@example.com;05.03.1980;M;735-84-34;365;367-85-23;358-473-235;a.mescheryakova;Московский филиал;IT-департамент;Отдел  системных решений;
Тимочкин;cdd/42-17012767.gif;Борис;Алексеевич;менеджер;b.timochkin@example.com;06.03.1983;M;273-45-27;82;153-63-12;153-643-123;b.timochkin;Московский филиал;IT-департамент;Отдел  системных решений;
Родин;99f/12.jpg;Никита;Константинович;менеджер;n.rodin@example.com;07.03.1986;M;262-874-854;245;954-36-85;724-834-873;n.rodin;Московский филиал;IT-департамент;Отдел  системных решений;
Витютнев;c15/13.jpg;Никита;Романович;менеджер;n.vityutnev@example.com;08.03.1979;M;327-73-65;364;262-52-35;347-867;n.vityutnev;Московский филиал;IT-департамент;Отдел  системных решений;
Яцкой;28f/14.jpg;Максим;Вадимович;менеджер;m.yackoj@example.com;09.03.1985;M;387-74-74;35;364-75-22;364-243-645;m.yackoj;Московский филиал;IT-департамент;Отдел  системных решений;
Патракеев;f2f/15.jpg;Олег;Константинович;менеджер;o.patrakeev@example.com;10.03.1984;M;375-45-56;327;253-56-56;345-724-123;o.patrakeev;Московский филиал;IT-департамент;Отдел  системных решений;
Гурьянов;ab8/16.jpg;Василий;Алексеевич;менеджер;v.guryanov@example.com;11.03.1981;M;262-83-34;20;153-74-35;735-744-324;v.guryanov;Московский филиал;IT-департамент;Отдел  системных решений;
Балашов;2fd/17.jpg;Руслан;Петрович;менеджер;r.balashov@example.com;12.03.1980;M;235-78-61;62;153-64-73;235-272-212;r.balashov;Московский филиал;Финансовый отдел;Отдел продаж;
Финашкин;c15/1292.gif;Виталий;Василиевич;менеджер;v.finashkin@example.com;13.03.1985;M;236-26-74;25;253-12-12;465-235-352;v.finashkin;Московский филиал;Финансовый отдел;Отдел продаж;
Тимофеев;487/18.jpg;Владимир;Валериевич;менеджер;v.timofeev@example.com;14.03.1978;M;346-21-53;235;152-23-12;345-263-234;v.timofeev;Московский филиал;Финансовый отдел;Отдел продаж;
Савиных;994/AX933124.jpg;Галина;Борисовна;менеджер;g.savinyh@example.com;15.03.1980;M;264-63-12;45;152-64-23;365-433-123;g.savinyh;Московский филиал;Финансовый отдел;Отдел продаж;
Ирошников;f5a/19.jpg;Николай;Данилович;менеджер;n.iroshnikov@example.com;16.03.1981;M;234-62-12;635;253-25-12;123-643-123;n.iroshnikov;Московский филиал;Финансовый отдел;Отдел продаж;
Волостнов;545/20.jpg;Александр;Тимофеевич;менеджер;a.volostnov@example.com;17.03.1982;M;265-45-23;643;874-24-23;532-346;a.volostnov;Московский филиал;Финансовый отдел;Отдел продаж;
Шиндяпин;d2d/21.jpg;Александр;Ярославович;менеджер;a.shindyapin@example.com;18.03.1983;M;734-78-23;53;534-25-12;235-765-234;a.shindyapin;Московский филиал;Финансовый отдел;Отдел продаж;
Важенин;e21/22.jpg;Владимир;Владимирович;менеджер;v.vazhenin@example.com;19.03.1982;M;246-67-43;51;522-64-43;354-333-234;v.vazhenin;Московский филиал;Финансовый отдел;Бухгалтерия;
Карпичева;bd0/AX933157.jpg;Зоя;Антоновна;бухгалтер;z.karpicheva@example.com;20.03.1983;F;436-53-34;628;324-46-23;463-235-123;z.karpicheva;Московский филиал;Финансовый отдел;Бухгалтерия;
Ларина;140/AX933183.jpg;Мария;Георгиевна;бухгалтер;m.larina@example.com;21.03.1980;M;234-52-34;324;234-64-22;435-234-123;m.larina;Московский филиал;Финансовый отдел;Бухгалтерия;
Ундакова;7a7/CB107485.jpg;Инна;Даниловyна;бухгалтер;i.undakova@example.com;22.03.1977;F;253-67-34;537;235-75-23;532-753-126;i.undakova;Московский филиал;Финансовый отдел;Бухгалтерия;
Федькунова;df1/CB107692.jpg;Светлана;Станиславовна;бухгалтер;s.fedkunova@example.com;23.03.1983;F;352-64-23;647;235-75-23;543-624-643;s.fedkunova;Московский филиал;Финансовый отдел;Бухгалтерия;
Чебакова;1f4/CB107922.jpg;Алла;Аркадиевна;бухгалтер;a.chebakova@example.com;24.03.1983;F;352-76-23;512;532-54-23;453-643-234;a.chebakova;Московский филиал;Финансовый отдел;Бухгалтерия;
Капустина;b83/CN000014020.jpg;Вера;Тихоновна;бухгалтер;v.kapustina@example.com;25.03.1983;F;352-64-12;531;124-55-23;236-123-654;v.kapustina;Московский филиал;Финансовый отдел;Бухгалтерия;
Кадомцев;430/42-18237008.jpg;Станислав;Константинович;бухгалтер;s.kadomcev@example.com;26.03.1981;M;326-42-76;128;153-76-23;654-234-123;s.kadomcev;Московский филиал;Финансовый отдел;Бухгалтерия;
Каймаков;665/23.jpg;Ярослав;Павлович;юрист;ya.kajmakov@example.com;27.03.1980;M;450-23-42;99;132-34-12;456-234-126;ya.kajmakov;Московский филиал;Юридический отдел;;
Толпежников;11a/24.jpg;Егор;Григориевич;юрист;e.tolpezhnikov@example.com;28.03.1983;M;623-75-23;663;643-86-23;643-764-123;e.tolpezhnikov;Московский филиал;Юридический отдел;;
Перфилов;613/25.jpg;Тимофей;Романович;менеджер;t.perfilov@example.com;29.03.1980;M;643-65-23;674;654-56-23;645-674-231;t.perfilov;Московский филиал;Департамент маркетинга;Отдел рекламы;Отдел интернет рекламы
Зинин;036/26.jpg;Иван;Борисович;менеджер;i.zinin@example.com;30.03.1979;M;754-32-65;546;153-67-23;653-153-753;i.zinin;Московский филиал;Департамент маркетинга;Отдел рекламы;Отдел интернет рекламы
Ручьев;2ba/27.jpg;Федор;Тимофеевич;менеджер;f.ruchev@example.com;31.03.1984;M;632-64-12;572;645-23-12;873-622-123;f.ruchev;Московский филиал;Департамент маркетинга;Отдел рекламы;Отдел интернет рекламы
Янюшин;49f/28.jpg;Антон;Иванович;менеджер;a.yanyushin@example.com;01.04.1982;M;674-73-12;631;165-64-12;653-742-341;a.yanyushin;Московский филиал;Департамент маркетинга;Отдел рекламы;Отдел интернет рекламы
Мишуточкин;0b7/29.jpg;Александр;Матвеевич;менеджер;a.mishutochkin@example.com;02.03.1983;M;642-76-23;472;472-63-12;754-123-533;a.mishutochkin;Московский филиал;Департамент маркетинга;Отдел рекламы;Отдел интернет рекламы
Залыгин;2f0/42-17990697.gif;Григорий;Александрович;менеджер;g.zalygin@example.com;03.04.1979;M;643-63-12;751;643-87-52;765-722-123;g.zalygin;Московский филиал;Департамент маркетинга;Отдел рекламы;Отдел интернет рекламы
Баландин;e05/30.jpg;Прохор;Николаевич;менеджер;p.balandin@example.com;04.04.1980;M;643-763-123;623;613-85-52;741-744-112;p.balandin;Московский филиал;Департамент маркетинга;Отдел рекламы;Отдел интернет рекламы
Бурмистров;2c5/31.jpg;Анатолий;Алексеевич;менеджер;a.burmistrov@example.com;05.04.1980;M;734-23-12;642;793-12-12;332-162-532;a.burmistrov;Московский филиал;Департамент маркетинга;Отдел рекламы;Отдел размещения рекламы в СМИ
Каманина;bdf/CN00044702.jpg;Анастасия;Станиславовна;менеджер;a.kamanina@example.com;06.04.1985;F;643-23-12;74;532-61-12;143-643-123;a.kamanina;Московский филиал;Департамент маркетинга;Отдел рекламы;Отдел размещения рекламы в СМИ
Недоглядов;bcb/200133370-001.gif;Николай;Игоревич;менеджер;n.nedoglyadov@example.com;07.04.1983;M;641-32-12;562;685-12-45;834-265-365;n.nedoglyadov;Московский филиал;Департамент маркетинга;Отдел рекламы;Отдел размещения рекламы в СМИ
Острокопытов;54b/33.jpg;Валерий;Юрьевич;менеджер;v.ostrokopytov@example.com;08.04.1979;M;623-86-23;933;632-76-12;743-865-134;v.ostrokopytov;Московский филиал;Департамент маркетинга;Отдел рекламы;Отдел размещения рекламы в СМИ
Росомахин;36d/42-17108785.gif;Петр;Матвеевич;менеджер;p.rosomahin@example.com;09.04.1984;M;873-23-13;823;732-74-12;823-126;p.rosomahin;Московский филиал;Департамент маркетинга;Отдел рекламы;Отдел размещения рекламы в СМИ
Сюльдин;c31/35.jpg;Никита;Львович;менеджер;n.syuldin@example.com;10.04.1981;M;923-61-23;573;263-15-24;306-123-845;n.syuldin;Московский филиал;Департамент маркетинга;Отдел рекламы;Отдел размещения рекламы в СМИ
Тимохов;271/36.jpg;Аркадий;Александрович;менеджер;a.timohov@example.com;11.04.1980;M;295-23-12;932;385-97-32;235-123-643;a.timohov;Московский филиал;Департамент маркетинга;Отдел рекламы;Отдел размещения рекламы в СМИ
Фофанов;702/37.jpg;Егор;Дмитриевич;менеджер;e.fofanov@example.com;12.04.1982;M;387-23-125;843;193-23-12;235-865-234;e.fofanov;Московский филиал;Департамент маркетинга;Отдел полиграфии;
Шустов;9a6/38.jpg;Аркадий;Антонович;менеджер;a.shustov@example.com;13.04.1982;M;285-34-76;295;167-63-23;642-675-231;a.shustov;Московский филиал;Департамент маркетинга;Отдел полиграфии;
Яшников;a76/39.jpg;Николай;Василиевич;менеджер;n.yashnikov@example.com;15.04.1981;M;274-21-53;324;612-65-12;734-645-234;n.yashnikov;Московский филиал;Департамент маркетинга;Отдел полиграфии;
Астахов;808/40.jpg;Захар;Владимирович;менеджер;z.astahov@example.com;16.04.1979;M;873-73-12;625;834-23-61;743-231;z.astahov;Московский филиал;Департамент маркетинга;Отдел полиграфии;
Гордеев;e60/41.jpg;Максим;Леонидович;менеджер;m.gordeev@example.com;17.04.1983;M;287-25-12;643-12-75;165-74-23;743-762-231;m.gordeev;Московский филиал;Департамент маркетинга;Отдел полиграфии;
Добровольский;046/42.jpg;Леонид;Евгениевич;менеджер;l.dobrovolskij@example.com;18.04.1984;M;734-12-75;385;195-54-23;374-235-184;l.dobrovolskij;Московский филиал;Департамент маркетинга;Отдел полиграфии;
Лошкомоев;0f2/43.jpg;Григорий;Анатолиевич;менеджер;g.loshkomoev@example.com;19.04.1982;M;744-45-34;328;633-46-52;643-457-893;g.loshkomoev;Московский филиал;Департамент маркетинга;Пресс-служба;
Наточиев;019/44.jpg;Игорь;Виталиевич;менеджер;i.natochiev@example.com;20.04.1984;M;743-21-73;122;267-43-38;548-667-324;i.natochiev;Московский филиал;Департамент маркетинга;Пресс-служба;
Останин;a92/45.jpg;Борис;Тимофеевич;менеджер;b.ostanin@example.com;21.04.1980;M;623-65-15;362;254-56-42;843-87-43;b.ostanin;Московский филиал;Департамент маркетинга;Пресс-служба;
Рюмин;e84/46.jpg;Анатолий;Алексеевич;менеджер;a.ryumin@example.com;22.04.1964;M;734-23-67;287;634-12-75;463-232-153;a.ryumin;Московский филиал;Департамент маркетинга;Пресс-служба;
Степунин;202/42-17108977.gif;Константин;Егорович;менеджер;k.stepunin@example.com;23.04.1983;M;346-89-12;726;153-67-16;584-632-125;k.stepunin;Московский филиал;Департамент маркетинга;Пресс-служба;
Тимакова;28d/CSM103401.jpg;Оксана;Николаевина;менеджер;o.timakova@example.com;24.04.1980;F;275-23-16;743-23-51;572-76-12;375-123-165;o.timakova;Московский филиал;Департамент маркетинга;Пресс-служба;
Топтыгин;c3f/48.jpg;Кирилл;Игоревич;менеджер;k.toptygin@example.com;25.04.1983;M;683-12-56;873;732-87-31;275-212-663;k.toptygin;Московский филиал;Департамент маркетинга;Пресс-служба;
Циолковский;5cb/49.jpg;Олег;Романович;менеджер;o.ciolkovskij@example.com;26.04.1979;M;111-53-21;13;843-23-52;463-237-123;o.ciolkovskij;Московский филиал;Департамент маркетинга;Отдел интернет маркетинга;
Чурсина;09b/DZ006932.jpg;Кира;Игоревна;менеджер;k.chursina@example.com;27.04.1979;F;423-12-64;671;357-34-23;458-345-345;k.chursina;Московский филиал;Департамент маркетинга;Отдел интернет маркетинга;
Щеулин;bab/50.jpg;Иван;Иванович;менеджер;i.scheulin@example.com;28.04.1984;M;873-34-76;734;263-34-45;435-568-432;i.scheulin;Московский филиал;Департамент маркетинга;Отдел интернет маркетинга;
Электринцев;ec2/51.jpg;Лев;Матвеевич;менеджер;l.elektrincev@example.com;29.04.1980;M;745-34-86;341;175-50-53;643-675-656;l.elektrincev;Московский филиал;Департамент маркетинга;Отдел интернет маркетинга;
Юдин;f26/52.jpg;Никита;Романович;менеджер;n.yudin@example.com;30.04.1976;M;374-67-34;274;476-34-56;743-566-342;n.yudin;Московский филиал;Департамент маркетинга;Отдел интернет маркетинга;
Хвостов;751/53.jpg;Леонид;Леонидович;менеджер;l.hvostov@example.com;01.05.1984;M;856-43-23;634;486-56-12;364-231-231;l.hvostov;Московский филиал;Департамент маркетинга;Отдел интернет маркетинга;
Крылов;173/1b.jpg;Сергей;Андреевич;1-ый заместитель директора;s.krylov@example.com;28.04.1977;M;547-23-96;456;602-87-41;305-541-331;s.krylov;Петербургский филиал;Администрация;;
Звенкова;61c/1b.jpg;Елена;Ивановна;секретарь;e.zvenkova@example.com;29.04.1980;F;864-98-93;258;674-32-95;841-964-521;e.zvenkova;Петербургский филиал;Администрация;;
Любимов;381/2b.jpg;Валентин;Константинович;администратор;v.lyubimov@example.com;30.04.1976;M;395-87-03;360;417-63-73;612-322-519;v.lyubimov;Петербургский филиал;Администрация;;
Кузнецов;60a/3b.jpg;Сергей;Сергеевич;менеджер;s.kuznecov@example.com;01.05.1975;M;636-44-82;561;738-61-41;708-526-958;s.kuznecov;Петербургский филиал;Администрация;;
Ларионов;072/5b.jpg;Сергей;Владимирович;менеджер;s.larionov@example.com;02.05.1974;M;680-98-38;315;863-12-52;528-940-118;s.larionov;Петербургский филиал;Администрация;;
Смирнов;544/4b.jpg;Дмитрий;Георгиевич;эксперт;d.smirnov@example.com;03.05.1978;M;383-81-87;547;748-84-32;301-876-329;d.smirnov;Петербургский филиал;Отдел развития;Аналитический отдел;
Крылова;a92/2b.jpg;Ольга;Александровна;аналитик;o.krylova@example.com;04.05.1979;F;540-33-94;740;335-63-02;749-446-620;o.krylova;Петербургский филиал;Отдел развития;Аналитический отдел;
Кущ;f23/6b.jpg;Александр;Павлович;эксперт;a.kusch@example.com;05.05.1980;M;630-90-32;209;739-82-72;543-112-238;a.kusch;Петербургский филиал;Отдел развития;Отдел стратегического планирования;
Лебедев;290/42-17924294.gif;Андрей;Евгеньевич;начальник отдела;a.lebedev@example.com;06.05.1977;M;542-54-42;769;539-28-22;185-422-683;a.lebedev;Петербургский филиал;Отдел развития;Отдел стратегического планирования;
Ледков;f65/8b.jpg;Алексей;Сергеевич;заместитель начальника;a.ledkov@example.com;07.05.1978;M;353-22-43;428;733-54-44;539-228-285;a.ledkov;Петербургский филиал;Отдел развития;Отдел стратегического планирования;
Демьянова;19a/3b.jpg;Юлия;Ивановна;менеджер по развитию;yu.demyanova@example.com;08.05.1972;M;393-58-63;548;381-53-52;522-539-620;yu.demyanova;Петербургский филиал;Отдел развития;Отдел стратегического планирования;
Лисицын;64d/9b.jpg;Евгений;Вячеславович;менеджер по развитию;e.lisicyn@example.com;09.05.1976;M;541-96-31;310;390-41-65;390-227-275;e.lisicyn;Петербургский филиал;Отдел развития;Отдел стратегического планирования;
Малеев;7a3/10b.jpg;Роман;Александрович;заместитель начальника;r.maleev@example.com;10.05.1976;M;402-27-29;504;430-32-29;432-387-492;r.maleev;Петербургский филиал;Отдел развития;Экспертный отдел;
Ледкова;2e1/4b.jpg;Мария;Сергеевна;эксперт;m.ledkova@example.com;11.05.1976;F;300-42-93;542;420-42-18;110-543-581;m.ledkova;Петербургский филиал;Отдел развития;Экспертный отдел;
Малков;6c2/11b.jpg;Дмитрий;Александрович;эксперт;d.malkov@example.com;12.05.1979;M;534-52-52;670;631-33-89;633-290-273;d.malkov;Петербургский филиал;Отдел развития;Экспертный отдел;
Матвиенко;1d7/5b.jpg;Василиса;Игоревна;эксперт;v.matvienko@example.com;13.05.1978;F;930-42-37;350;383-29-31;431-283-542;v.matvienko;Петербургский филиал;Отдел развития;Экспертный отдел;
Мамонтов;c11/73827847.gif;Алексей;Андреевич;эксперт;a.mamontov@example.com;14.05.1979;M;407-41-48;311;439-42-40;331-639-207;a.mamontov;Петербургский филиал;Отдел развития;Экспертный отдел;
Малышева;d54/6b.jpg;Дарья;Сергеевна;главный бухгалтер;d.malysheva@example.com;15.05.1979;F;290-31-18;401;503-31-18;290-283-198;d.malysheva;Петербургский филиал;Финансовый отдел;Бухгалтерия;
Малышев;225/13b.jpg;Сергей;Александрович;бухгалтер;s.malyshev@example.com;16.05.1976;M;840-85-93;500;573-54-47;461-450-485;s.malyshev;Петербургский филиал;Финансовый отдел;Бухгалтерия;
Певцов;14f/42-16975945.gif;Сергей;Евгеньевич;бухгалтер;s.pevcov@example.com;17.05.1979;M;200-32-28;870;630-77-73;700-63-32;s.pevcov;Петербургский филиал;Финансовый отдел;Бухгалтерия;
Никоненко;37b/15b.jpg;Игорь;Васильевич;бухгалтер;i.nikonenko@example.com;18.05.1976;M;291-42-18;580;630-32-92;429-740-813;i.nikonenko;Петербургский филиал;Финансовый отдел;Бухгалтерия;
Русакова;258/200533197-002.jpg;Ирина;Ивановна;бухгалтер;i.rusakova@example.com;19.05.1977;F;391-93-37;534;431-63-42;543-456-386;i.rusakova;Петербургский филиал;Финансовый отдел;Бухгалтерия;
Мальковский;b9c/17b.jpg;Александр;Владимирович;заместитель начальника;a.malkovskij@example.com;20.05.1975;M;301-53-93;314;631-84-42;432-149-228;a.malkovskij;Петербургский филиал;Финансовый отдел;Отдел финансового планирования;
Матусевич;213/8b.jpg;Екатерина;Львовна;менеджер;e.matusevich@example.com;21.05.1976;F;302-53-38;543;461-73-73;621-733-843;e.matusevich;Петербургский филиал;Финансовый отдел;Отдел финансового планирования;
Матвейчук;48d/16b.jpg;Константин;Геннадьевич;менеджер;k.matvejchuk@example.com;22.05.1980;M;631-67-28;501;632-63-48;640-220-846;k.matvejchuk;Петербургский филиал;Финансовый отдел;Отдел финансового планирования;
Андреева;4a9/9b.jpg;Елизавета;Юрьевна;менеджер;e.andreeva@example.com;23.05.1980;F;529-18-28;700;534-38-28;531-543-218;e.andreeva;Петербургский филиал;Финансовый отдел;Отдел финансового планирования;
Иванова;6fb/10b.jpg;Светлана;Евгеньевна;менеджер;s.ivanova@example.com;24.05.1979;F;438-28-96;38;404-39-86;429-185-298;s.ivanova;Петербургский филиал;Финансовый отдел;Отдел финансового планирования;
Мельник;0a6/18b.jpg;Дмитрий;Михайлович;начальник отдела;d.melnik@example.com;25.05.1976;M;581-57-53;540;529-32-53;452-280-529;d.melnik;Петербургский филиал;Отдел по работе с клиентами;Call centre;
Михаленко;086/19b.jpg;Петр;Владимирович;маркетолог;p.mihalenko@example.com;26.05.1980;M;392-54-52;590;600-54-52;653-290-184;p.mihalenko;Петербургский филиал;Отдел маркетинга;Отдел Public Relation;
Морозов;4d4/20b.jpg;Артемий;Михайлович;маркетолог;a.morozov@example.com;27.05.1979;M;931-52-43;953;539-42-38;302-538-187;a.morozov;Петербургский филиал;Отдел маркетинга;Отдел Public Relation;
Абрамова;b86/11b.jpg;Ирина;Александровна;маркетолог;i.abramova@example.com;28.05.1980;F;392-60-93;692;423-38-94;346-319-188;i.abramova;Петербургский филиал;Отдел маркетинга;Отдел Public Relation;
Москаленко;d6a/21b.jpg;Андрей;Вадимович;маркетолог;a.moskalenko@example.com;29.05.1980;M;370-32-42;404;449-28-68;523-653-238;a.moskalenko;Петербургский филиал;Отдел маркетинга;Отдел Public Relation;
Адрова;4c0/12b.jpg;Ольга;Викторовна;маркетолог;o.adrova@example.com;30.05.1981;F;401-67-39;439;421-38-96;268-288-267;o.adrova;Петербургский филиал;Отдел маркетинга;Отдел Public Relation;
Петухов;a4a/22b.jpg;Андрей;Александрович;менеджер по рекламе;a.petuhov@example.com;01.06.1978;M;543-97-28;541;528-69-33;465-732-342;a.petuhov;Петербургский филиал;Отдел маркетинга;Отдел рекламы;
Карцева;f16/13b.jpg;Татьяна;Александровна;менеджер по рекламе;t.karceva@example.com;02.06.1980;F;531-45-54;639;531-73-37;342-527-475;t.karceva;Петербургский филиал;Отдел маркетинга;Отдел рекламы;
Морозова;82f/15b.jpg;Наталья;Александровна;менеджер по рекламе;n.morozova@example.com;03.06.1980;F;670-27-57;375;528-96-85;580-332-427;n.morozova;Петербургский филиал;Отдел маркетинга;Отдел рекламы;
Писаревич;584/23b.jpg;Сергей;Владимирович;менеджер по рекламе;s.pisarevich@example.com;04.06.1979;M;387-78-27;389;532-69-52;460-427-427;s.pisarevich;Петербургский филиал;Отдел маркетинга;Отдел рекламы;
Подлесный;83b/24b.jpg;Роман;Александрович;менеджер по рекламе;r.podlesnyj@example.com;05.06.1980;M;543-30-28;582;390-68-28;570-117-422;r.podlesnyj;Петербургский филиал;Отдел маркетинга;Отдел рекламы;
Подфигурный;2de/25b.jpg;Иван;Драгушевич;юрист;i.podfigurnyj@example.com;06.06.1979;M;575-43-28;420;378-637-632;678-380-287;i.podfigurnyj;Петербургский филиал;Юридический отдел;;
Уткина;c13/14b.jpg;Елена;Васильевна;юрист;e.utkina@example.com;07.06.1980;F;549-28-23;672;433-42-48;690-225-323;e.utkina;Петербургский филиал;Юридический отдел;;
Ольхова;119/16b.jpg;Татьяна;Михайловна;юрист;t.olhova@example.com;08.06.1980;F;543-43-42;783;567-37-28;569-335-652;t.olhova;Петербургский филиал;Юридический отдел;;
Постников;b15/26b.jpg;Роман;Владимирович;начальник смены;r.postnikov@example.com;09.06.1975;M;543-28-52;680;366-80-26;436-653-539;r.postnikov;Петербургский филиал;Отдел службы безопасности;;
Пулин;881/73828189.gif;Денис;Сергеевич;охранник;d.pulin@example.com;10.06.1980;M;480-28-23;854;536-44-22;543-580-275;d.pulin;Петербургский филиал;Отдел службы безопасности;;
Пуцято;329/28b.jpg;Евгений;Евгеньевич;охранник;e.pucyato@example.com;11.06.1980;M;539-47-34;479;467-50-43;477-874-622;e.pucyato;Петербургский филиал;Отдел службы безопасности;;
Резник;137/29b.jpg;Борис;Игоревич;охранник;b.reznik@example.com;12.06.1980;M;499-28-27;388;467-34-98;638-389-431;b.reznik;Петербургский филиал;Отдел службы безопасности;;
Резников;d79/200477665-001.gif;Виталий;Андреевич;директор;v.reznikov@example.com;13.06.1976;M;326-54-73;456;357-45-41;258-742-622;v.reznikov;Калининградский филиал;Администрация;;
Решетов;9f5/1b.jpg;Евгений;Валерьевич;администратор;e.reshetov@example.com;14.06.1978;M;484-85-76;11;134-86-43;156-875-611;e.reshetov;Калининградский филиал;Администрация;;
Сафонов;480/72983889.gif;Вадим;Николаевич;администратор;v.safonov@example.com;15.06.1978;M;377-22-11;12;325-72-11;157-874-522;v.safonov;Калининградский филиал;Администрация;;
Сотниченко;8a1/4b.jpg;Сергей;Александрович;администратор;s.sotnichenko@example.com;16.06.1974;M;263-85-73;13;345-85-54;146-844-831;s.sotnichenko;Калининградский филиал;Администрация;;
Рябкова;70c/1b.jpg;Наталья;Игоревна;администратор;n.ryabkova@example.com;17.06.1978;F;434-74-71;14;360-73-52;673-832-721;n.ryabkova;Калининградский филиал;Администрация;;
Сошникова;ef3/2b.jpg;Марина;Борисовна;администратор;m.soshnikova@example.com;18.06.1980;F;653-73-22;14;415-52-61;267-211-611;m.soshnikova;Калининградский филиал;Администрация;;
Русаков;013/71471675.gif;Антон;Николаевич;администратор;a.rusakov@example.com;19.06.1976;M;435-73-72;15;569-32-32;520-834-752;a.rusakov;Калининградский филиал;Администрация;;
Рябков;88a/6b.jpg;Николай;Сергеевич;заместитель директора;n.ryabkov@example.com;20.06.1980;M;439-78-33;16;874-74-94;652-343-719;n.ryabkov;Калининградский филиал;Администрация;;
Савельев;65e/7b.jpg;Олег;Владимирович;администратор;o.savelev@example.com;21.06.1977;M;526-83-52;17;432-55-74;167-732-722;o.savelev;Калининградский филиал;Администрация;;
Тихонов;626/8b.jpg;Алексей;Алексеевич;администратор;a.tihonov@example.com;22.06.1981;M;426-75-22;18;524-63-21;257-343-832;a.tihonov;Калининградский филиал;Администрация;;
Щебелев;696/200516576-001.gif;Георгий;Георгиевич;менеджер;g.schebelev@example.com;21.04.1981;M;367-23-75;263;835-37-43;285-476-953;g.schebelev;Калининградский филиал;Производственный отдел;Студия аудио-видеопроизводства;
Яснов;b78/200477707-001.gif;Егор;Юрьевич;менеджер;e.yasnov@example.com;22.04.1983;M;275-85-24;937;125-12-64;643-674-232;e.yasnov;Калининградский филиал;Производственный отдел;Студия аудио-видеопроизводства;
Решетников;659/200491503-003.gif;Матвей;Иванович;менеджер;m.reshetnikov@example.com;23.04.1982;M;753-86-23;729;642-23-17;745-346-272;m.reshetnikov;Калининградский филиал;Производственный отдел;Студия аудио-видеопроизводства;
Оськин;920/200130455-001.gif;Василий;Ярославович;менеджер;v.oskin@example.com;24.04.1981;M;648-42-12;618;125-71-33;943-722-165;v.oskin;Калининградский филиал;Производственный отдел;Студия аудио-видеопроизводства;
Пантюхин;f03/5b.jpg;Михаил;Игоревич;менеджер;m.pantyuhin@example.com;25.04.1979;M;734-27-87;86;335-76-23;755-472-184;m.pantyuhin;Калининградский филиал;Производственный отдел;Студия аудио-видеопроизводства;
Петрова;79e/1b.jpg;Антонина;Александровна;менеджер;a.petrova@example.com;26.04.1983;F;373-13-16;622;524-44-63;875-231-135;a.petrova;Калининградский филиал;Производственный отдел;Студия аудио-видеопроизводства;
Саламатина;100/2b.jpg;Инна;Вячеславовна;менеджер;i.salamatina@example.com;27.04.1984;F;274-85-23;725;493-26-86;835-517-387;i.salamatina;Калининградский филиал;Производственный отдел;Студия аудио-видеопроизводства;
Степухин;0f5/6b.jpg;Леонид;Игоревич;менеджер;l.stepuhin@example.com;28.04.1985;M;647-78-43;356;848-27-59;483-837-284;l.stepuhin;Калининградский филиал;Производственный отдел;Студия аудио-видеопроизводства;
Федянин;7f6/73828045.gif;Александр;Федорович;менеджер;a.fedyanin@example.com;29.04.1978;M;274-85-23;638;372-86-34;882-464-892;a.fedyanin;Калининградский филиал;Производственный отдел;Студия аудио-видеопроизводства;
Ахряпов;830/8b.jpg;Илья;Григориевич;менеджер;i.ahryapov@example.com;30.04.1982;M;285-24-17;830;639-83-95;374-906-038;i.ahryapov;Калининградский филиал;Производственный отдел;Студия аудио-видеопроизводства;
Барановский;72b/9b.jpg;Тимофей;Тимофеевич;менеджер;t.baranovskij@example.com;01.05.1981;M;175-83-83;375;846-26-47;482-573-275;t.baranovskij;Калининградский филиал;Производственный отдел;Сектор разработки ПО;
Леонов;fd6/200116983-002.gif;Алексей;Максимович;менеджер;a.leonov@example.com;02.05.1983;M;164-97-25;925;437-27-84;285-289-366;a.leonov;Калининградский филиал;Производственный отдел;Сектор разработки ПО;
Ляков;134/11b.jpg;Илья;Викторович;менеджер;i.lyakov@example.com;03.04.1978;M;484-27-46;289;387-28-29;164-863-126;i.lyakov;Калининградский филиал;Производственный отдел;Сектор разработки ПО;
Панкратьев;40c/72983580.gif;Кирилл;Георгиевич;менеджер;k.pankratev@example.com;04.04.1982;M;458-43-67;286;438-54-98;243-576-568;k.pankratev;Калининградский филиал;Производственный отдел;Сектор разработки ПО;
Понтрягин;02f/13b.jpg;Александр;Романович;менеджер;a.pontryagin@example.com;04.05.1982;M;387-39-04;386;643-59-45;458-326-296;a.pontryagin;Калининградский филиал;Производственный отдел;Сектор разработки ПО;
Сыропоршнев;4f9/14b.jpg;Максим;Кириллович;менеджер;m.syroporshnev@example.com;05.05.1982;M;375-87-86;338;932-65-97;385-553-845;m.syroporshnev;Калининградский филиал;Производственный отдел;Сектор разработки ПО;
Хрушкий;8f7/15b.gif;Максим;Максимович;менеджер;m.hrushkij@example.com;06.05.1979;M;486-89-26;924;385-73-85;386-757-723;m.hrushkij;Калининградский филиал;Производственный отдел;Сектор разработки ПО;
Ярошкин;d5e/73828711.gif;Вячеслав;Романович;менеджер;v.yaroshkin@example.com;07.05.1983;M;486-28-12;893;486-64-23;528-865-286;v.yaroshkin;Калининградский филиал;Производственный отдел;Сектор разработки ПО;
Попов;549/200472780-001.gif;Алексей;Сергеевич;менеджер;a.popov@example.com;08.05.1981;M;724-17-31;874;835-93-25;387-383-264;a.popov;Калининградский филиал;Производственный отдел;Сектор разработки ПО;
Алаев;5c8/18b.jpg;Аркадий;Станиславович;менеджер;a.alaev@example.com;09.05.1982;M;285-35-26;572;835-28-54;854-286-970;a.alaev;Калининградский филиал;Производственный отдел;Технологический сектор;
Дедов;444/19b.jpg;Григорий;Валериевич;менеджер;g.dedov@example.com;10.05.1981;M;375-57-23;721;396-38-75;287-457-875;g.dedov;Калининградский филиал;Производственный отдел;Технологический сектор;
Ломовцев;6c3/73828662.gif;Георгий;Алексеевич;менеджер;g.lomovcev@example.com;11.05.1984;M;167-38-95;291;275-83-13;853-187-873;g.lomovcev;Калининградский филиал;Производственный отдел;Технологический сектор;
Недовесов;bf4/200529111-001.gif;Михаил;Евгениевич;менеджер;m.nedovesov@example.com;12.05.1982;M;164-86-26;389;853-86-38;;m.nedovesov;Калининградский филиал;Производственный отдел;Технологический сектор;
Пакулин;e24/22b.jpg;Игорь;Виталиевич;менеджер;i.pakulin@example.com;13.05.1979;M;286-56-37;749;729-73-96;846-936-058;i.pakulin;Калининградский филиал;Производственный отдел;Технологический сектор;
Скугарев;79f/200516029-001.gif;Виталий;Аркадиевич;менеджер;v.skugarev@example.com;14.05.1978;M;285-84-37;285;496-28-25;583-276-297;v.skugarev;Калининградский филиал;Производственный отдел;Технологический сектор;
Тришкин;2fb/200020197-003.gif;Роман;Сергеевич;менеджер;r.trishkin@example.com;15.05.1982;M;176-93-58;583;832-22-86;583-124-963;r.trishkin;Калининградский филиал;Производственный отдел;Технологический сектор;
Доверов;cd3/BD9341-001.gif;Лев;Егорович;менеджер;l.doverov@example.com;16.05.1981;M;275-37-97;482;286-28-13;175-357-138;l.doverov;Калининградский филиал;Производственный отдел;Технологический сектор;
Каёхтин;010/26b.jpg;Юрий;Николаевич;менеджер;yu.kaehtin@example.com;17.05.1981;M;175-57-64;285;793-72-35;176-396-174;yu.kaehtin;Калининградский филиал;Производственный отдел;Технологический сектор;
Листратов;5e9/200477633-001.gif;Василий;Тимофеевич;менеджер;v.listratov@example.com;18.05.1978;M;276-65-43;936;386-63-32;395-864-285;v.listratov;Калининградский филиал;Производственный отдел;Конструкторский сектор;
Скрябин;76a/28b.jpg;Виктор;Антонович;инженер;v.skryabin@example.com;19.05.1982;M;164-56-12;451;583-75-26;462-482-793;v.skryabin;Калининградский филиал;Производственный отдел;Конструкторский сектор;
Гамаюнов;78a/29b.jpg;Игорь;Данилович;инженер;i.gamayunov@example.com;20.05.1978;M;179-93-75;495;583-98-24;836-927-025;i.gamayunov;Калининградский филиал;Производственный отдел;Конструкторский сектор;
Харламов;90d/200526832-001.gif;Илья;Иванович;инженер;i.harlamov@example.com;21.05.1980;M;176-94-37;591;491-92-83;502-366-583;i.harlamov;Калининградский филиал;Производственный отдел;Конструкторский сектор;
Цуканов;b13/31b.jpg;Петр;Станиславович;инженер;p.cukanov@example.com;22.05.1983;M;185-00-56;185;725-75-13;872-909-433;p.cukanov;Калининградский филиал;Производственный отдел;Конструкторский сектор;
Яфаров;dc9/200524150-001.gif;Игорь;Алексеевич;инженер;i.yafarov@example.com;23.05.1984;M;167-64-95;943;473-24-89;286-325-843;i.yafarov;Калининградский филиал;Производственный отдел;Конструкторский сектор;
Воронин;65f/200393557-001.gif;Анатолий;Федорович;инженер;a.voronin@example.com;24.05.1979;M;835-37-12;186;338-24-16;753-864-246;a.voronin;Калининградский филиал;Производственный отдел;Конструкторский сектор;
Недогонов;8fd/200331832-001.gif;Олег;Иванович;инженер;o.nedogonov@example.com;25.05.1982;M;165-38-93;484;573-24-87;583-976-357;o.nedogonov;Калининградский филиал;Производственный отдел;Конструкторский сектор;
Нагаев;29f/35b.jpg;Аркадий;Сергеевич;инженер;a.nagaev@example.com;26.05.1981;M;175-49-32;480;415-47-24;853-437-925;a.nagaev;Калининградский филиал;Производственный отдел;Конструкторский сектор;
Ольховский;9bb/36b.jpg;Александр;Павлович;охранник;a.olhovskij@example.com;27.05.1982;M;164-89-12;645;377-24-89;435-687-432;a.olhovskij;Калининградский филиал;Отдел службы безопасности;;
Юкин;45b/37b.jpg;Павел;Степанович;охранник;p.yukin@example.com;28.05.1980;M;167-85-23;476;483-32-65;865-234-165;p.yukin;Калининградский филиал;Отдел службы безопасности;;
Якунькин;b57/38b.jpg;Юрий;Антонович;охранник;yu.yakunkin@example.com;29.05.1986;M;165-87-23;473;275-26-45;864-246-987;yu.yakunkin;Калининградский филиал;Отдел службы безопасности;;
Тришечкин;e33/39b.jpg;Петр;Романович;охранник;p.trishechkin@example.com;30.05.1981;M;376-34-27;463;458-23-74;573-637-678;p.trishechkin;Калининградский филиал;Отдел службы безопасности;;
Бывших;f23/200479749-001.gif;Виктор;Викторович;охранник;v.byvshih@example.com;31.05.1980;M;198-37-79;276;473-27-26;472-865-237;v.byvshih;Калининградский филиал;Отдел службы безопасности;;
Голицын;13b/41b.jpg;Никита;Матвеевич;охранник;n.golicyn@example.com;01.06.1982;M;177-27-78;487;893-58-95;247-972-285;n.golicyn;Калининградский филиал;Отдел службы безопасности;;
Скосарев;4ff/43b.jpg;Василий;Андреевич;охранник;v.skosarev@example.com;02.06.1978;M;468-72-46;248;397-53-76;874-047-865;v.skosarev;Калининградский филиал;Отдел службы безопасности;;
Стахеев;31c/200130154-002.gif;Игорь;Данилович;юрист;i.staheev@example.com;03.06.1980;M;186-37-86;684;596-23-87;835-286-294;i.staheev;Калининградский филиал;Юридический отдел;;
Топоров;d20/46b.jpg;Илья;Егорович;юрист;i.toporov@example.com;04.06.1980;M;170-59-34;863;693-98-46;896-324-932;i.toporov;Калининградский филиал;Юридический отдел;;
Шушлебин;ae2/200267626-001.gif;Василий;Василиевич;юрист;v.shushlebin@example.com;05.06.1983;M;748-27-43;835;873-32-92;582-457-834;v.shushlebin;Калининградский филиал;Юридический отдел;;
Чайкин;5bc/48b.jpg;Степан;Юрьевич;юрист;s.chajkin@example.com;06.06.1982;M;286-83-86;942;484-89-43;376-498-335;s.chajkin;Калининградский филиал;Юридический отдел;;
Недотыкина;2f4/3b.jpg;Галина;Анатолиевна;юрист;g.nedotykina@example.com;07.06.1983;F;845-28-23;972;489-65-64;487-976-393;g.nedotykina;Калининградский филиал;Юридический отдел;;
Уланова;5f9/4b.jpg;Елизавета;Георгиевна;юрист;e.ulanova@example.com;08.06.1983;F;943-73-36;754;872-43-26;734-267-456;e.ulanova;Калининградский филиал;Юридический отдел;;
Фалилеева;51c/5b.jpg;Любовь;Кирилловна;менеджер;l.falileeva@example.com;09.06.1982;F;373-76-23;742;487-34-16;743-674-365;l.falileeva;Калининградский филиал;Финансовый отдел;Отдел контрольно-ревизионной работы;
Якушова;f85/6b.jpg;Виктория;Валериевна;менеджер;v.yakushova@example.com;10.06.1982;F;167-43-98;693;597-34-82;475-346-187;v.yakushova;Калининградский филиал;Финансовый отдел;Отдел контрольно-ревизионной работы;
Батракова;a7b/200477998-001.gif;Алла;Алексеевна;менеджер;a.batrakova@example.com;11.06.1983;F;165-09-23;837;486-32-87;894-345-887;a.batrakova;Калининградский филиал;Финансовый отдел;Отдел контрольно-ревизионной работы;
Беглова;249/8b.jpg;Василиса;Валериевна;менеджер;v.beglova@example.com;12.06.1983;F;287-58-93;42;486-49-21;386-432-224;v.beglova;Калининградский филиал;Финансовый отдел;Отдел контрольно-ревизионной работы;
Калюгина;5f5/9b.jpg;Анна;Сергеевна;менеджер;a.kalyugina@example.com;13.06.1979;F;377-24-81;387;589-64-24;741-729-405;a.kalyugina;Калининградский филиал;Финансовый отдел;Отдел контрольно-ревизионной работы;
Михалищева;936/10b.jpg;Зоя;Борисовна;менеджер;z.mihalischeva@example.com;14.06.1984;F;186-84-23;813;398-43-12;628-532-135;z.mihalischeva;Калининградский филиал;Финансовый отдел;Отдел контрольно-ревизионной работы;
Наволоцкий;158/49b.jpg;Андрей;Петрович;менеджер;a.navolockij@example.com;15.06.1983;M;169-34-27;724;823-72-47;275-211-372;a.navolockij;Калининградский филиал;Финансовый отдел;Отдел контрольно-ревизионной работы;
Окладникова;b25/73674853.gif;Татьяна;Матвеевна;менеджер;t.okladnikova@example.com;16.06.1984;F;275-84-23;735;724-27-82;482-472-131;t.okladnikova;Калининградский филиал;Финансовый отдел;Отдел контрольно-ревизионной работы;
Петрикова;844/12b.jpg;Анна;Юрьевна;менеджер;a.petrikova@example.com;17.06.1981;F;177-35-27;184;437-24-22;683-264-832;a.petrikova;Калининградский филиал;Финансовый отдел;Бухгалтерия;
Селивантьева;2dc/13b.jpg;Ольга;Матвеевна;бухгалтер;o.selivanteva@example.com;18.06.1979;F;328-67-23;214;352-84-27;173-275-395;o.selivanteva;Калининградский филиал;Финансовый отдел;Бухгалтерия;
Тебенькова;1ed/14b.jpg;Дарья;Василиевна;бухгалтер;d.tebenkova@example.com;19.06.1982;F;287-57-44;486;296-27-84;384-355-443;d.tebenkova;Калининградский филиал;Финансовый отдел;Бухгалтерия;
Тимина;c9a/72625954.gif;Юлия;Степановна;бухгалтер;yu.timina@example.com;20.06.1979;F;486-46-83;265;399-53-95;499-234-132;yu.timina;Калининградский филиал;Финансовый отдел;Бухгалтерия;
Узлова;e16/16b.jpg;Екатерина;Вячеславовна;бухгалтер;e.uzlova@example.com;21.06.1983;F;387-12-68;931;483-13-76;487-121-372;e.uzlova;Калининградский филиал;Финансовый отдел;Бухгалтерия;
Фадеева;bb3/18b.jpg;Ксения;Егоровна;бухгалтер;k.fadeeva@example.com;22.06.1981;F;439-23-63;164;734-38-52;253-826-967;k.fadeeva;Калининградский филиал;Финансовый отдел;Бухгалтерия;
Черняева;03b/19b.jpg;Дарья;Вячеславовна;бухгалтер;d.chernyaeva@example.com;23.06.1984;F;175-76-90;690;387-38-85;904-376-093;d.chernyaeva;Калининградский филиал;Финансовый отдел;Бухгалтерия;
Бершадская;f0e/20b.jpg;Евгения;Вячеславовна;бухгалтер;e.bershadskaya@example.com;24.06.1982;F;165-97-23;833;683-24-85;275-376-286;e.bershadskaya;Калининградский филиал;Финансовый отдел;Бухгалтерия;
Бражникова;946/21b.jpg;Мария;Николаевна;бухгалтер;m.brazhnikova@example.com;25.06.1980;F;275-98-03;280;572-48-72;286-546-232;m.brazhnikova;Калининградский филиал;Финансовый отдел;Бухгалтерия;
Севастьянов;5c6/1b.jpg;Евгений;Андреевич;администратор;e.sevastyanov@example.com;23.06.1976;M;546-62-76;435;346-13-72;418-522-832;e.sevastyanov;Новосибирский филиал;Администрация;;
Братухина;38f/72334827.gif;Надежда;Павловна;менеджер;n.bratuhina@example.com;26.06.1983;F;185-38-46;741;743-75-82;784-844-864;n.bratuhina;Калининградский филиал;ИТ-отдел;Служба защиты информации;
Седов;531/2b.jpg;Всеволод;Александрович;директор;v.sedov@example.com;24.06.1970;M;645-72-21;267;546-83-78;667-763-221;v.sedov;Новосибирский филиал;Администрация;;
Голованев;a6f/200394797-0041.gif;Олег;Павлович;менеджер;o.golovanev@example.com;27.06.1983;M;287-37-87;748;375-83-23;853-267-126;o.golovanev;Калининградский филиал;ИТ-отдел;Служба защиты информации;
Недоносков;87a/51b.jpg;Ярослав;Станиславович;менеджер;ya.nedonoskov@example.com;28.06.1982;M;286-83-35;75;746-23-86;587-423-623;ya.nedonoskov;Калининградский филиал;ИТ-отдел;Служба защиты информации;
Уткин;e97/3b.jpg;Иван;Андреевич;администратор;i.utkin@example.com;25.06.1974;M;656-94-54;437;542-96-54;622-762-672;i.utkin;Новосибирский филиал;Администрация;;
Оплетаев;b73/200525319-001.gif;Андрей;Сергеевич;менеджер;a.opletaev@example.com;29.06.1983;M;276-38-35;812;483-38-67;845-322-763;a.opletaev;Калининградский филиал;ИТ-отдел;Служба защиты информации;
Поскребышев;651/200117007-002.gif;Антон;Тимофеевич;менеджер;a.poskrebyshev@example.com;30.06.1980;M;275-97-12;868;458-69-34;875-241-834;a.poskrebyshev;Калининградский филиал;ИТ-отдел;Служба защиты информации;
Харин;cdf/4b.jpg;Сергей;Алексеевич;администратор;s.harin@example.com;26.06.1976;M;664-87-95;452;265-65-85;466-843-835;s.harin;Новосибирский филиал;Администрация;;
Собинов;c3f/55b.jpg;Дмитрий;Владимирович;менеджер;d.sobinov@example.com;01.07.1980;M;175-38-345;532;486-75-24;754-245-364;d.sobinov;Калининградский филиал;ИТ-отдел;Служба защиты информации;
Трошин;0bb/42-17842521.gif;Сергей;Владимирович;администратор;s.troshin@example.com;27.06.1978;M;768-84-84;450;845-09-73;546-984-323;s.troshin;Новосибирский филиал;Администрация;;
Тихвинцев;b90/200300246-001.gif;Григорий;Владимирович;менеджер;g.tihvincev@example.com;02.07.1983;M;274-37-43;672;855-98-54;734-867-322;g.tihvincev;Калининградский филиал;ИТ-отдел;Служба защиты информации;
Фомочкин;0f3/73021884.gif;Григорий;Геннадиевич;менеджер;g.fomochkin@example.com;03.07.1983;M;165-84-23;81;475-86-46;854-325-876;g.fomochkin;Калининградский филиал;ИТ-отдел;Служба защиты информации;
Шиндяпов;b30/58b.jpg;Алексей;Александрович;менеджер;a.shindyapov@example.com;04.07.1982;M;165-89-56;865;568-34-76;873-123-532;a.shindyapov;Калининградский филиал;ИТ-отдел;Служба программной поддержки;
Середин;ca0/7b.jpg;Алексей;Владимирович;заместитель директора;a.seredin@example.com;28.06.1974;M;995-66-53;544;456-79-56;669-555-877;a.seredin;Новосибирский филиал;Администрация;;
Южаков;bbc/57640936.gif;Николай;Сергеевич;менеджер;n.yuzhakov@example.com;05.07.1983;M;276-89-23;515;573-37-87;532-764-231;n.yuzhakov;Калининградский филиал;ИТ-отдел;Служба программной поддержки;
Ситник;e8a/7b.jpg;Василий;Владимирович;администратор;v.sitnik@example.com;29.06.1975;M;;;;;v.sitnik;Новосибирский филиал;Администрация;;
Ярмолинцев;884/200463331-002.gif;Василий;Матвеевич;менеджер;v.yarmolincev@example.com;06.07.1982;M;165-37-86;478;575-98-34;473-236-874;v.yarmolincev;Калининградский филиал;ИТ-отдел;Служба программной поддержки;
Бабанин;b3c/61b.jpg;Леонид;Евгениевич;менеджер;l.babanin@example.com;07.07.1982;M;274-24-86;52;754-97-32;285-38-83;l.babanin;Калининградский филиал;ИТ-отдел;Служба программной поддержки;
Сошников;d41/8b.jpg;Алексей;Сергеевич;администратор;a.soshnikov@example.com;30.06.1980;M;223-72-76;701;549-95-45;548-529-418;a.soshnikov;Новосибирский филиал;Администрация;;
Бутаков;6e3/62b.jpg;Аркадий;Антонович;менеджер;a.butakov@example.com;08.07.1980;M;186-84-12;867;486-98-34;346-963-987;a.butakov;Калининградский филиал;ИТ-отдел;Служба программной поддержки;
Истратов;df4/63b.jpg;Петр;Егорович;менеджер;p.istratov@example.com;09.07.1982;M;439-34-28;673;842-42-98;487-324-823;p.istratov;Калининградский филиал;ИТ-отдел;Служба программной поддержки;
Кабицкий;d8f/64b.jpg;Роман;Игоревич;менеджер;r.kabickij@example.com;10.07.1979;M;176-89-34;759;592-36-97;296-545-754;r.kabickij;Калининградский филиал;ИТ-отдел;Служба программной поддержки;
Мармазинский;d23/65b.jpg;Тимофей;Матвеевич;менеджер;t.marmazinskij@example.com;11.07.1983;M;176-46-24;471;755-86-46;684-244-744;t.marmazinskij;Калининградский филиал;ИТ-отдел;Служба программной поддержки;
Старостин;fa2/9b.jpg;Анатолий;Сергеевич;администратор;a.starostin@example.com;01.07.1971;M;546-83-83;262;635-84-98;622-722-762;a.starostin;Новосибирский филиал;Администрация;;
Теленков;3a8/10b.jpg;Андрей;Евгеньевич;администратор;a.telenkov@example.com;02.07.1978;M;356-84-94;753;542-85-83;468-843-721;a.telenkov;Новосибирский филиал;Администрация;;
Патраков;3d0/66b.jpg;Николай;Кириллович;менеджер;n.patrakov@example.com;12.07.1981;M;165-47-84;580;432-23-15;745-231-132;n.patrakov;Калининградский филиал;ИТ-отдел;Служба программной поддержки;
Тишутин;70b/11b.jpg;Олег;Станиславович;конструктор;o.tishutin@example.com;03.07.1978;M;633-83-72;260;638-84-72;268-782-786;o.tishutin;Новосибирский филиал;Производственный отдел;Конструкторский сектор;
Попышев;b36/67b.jpg;Анатолий;Станиславович;менеджер;a.popyshev@example.com;13.07.1982;M;167-54-37;520;473-35-89;573-684-255;a.popyshev;Калининградский филиал;ИТ-отдел;Служба технической поддержки;
Соколов;d68/73607873.gif;Евгений;Вячеславович;менеджер;e.sokolov@example.com;14.07.1983;M;175-37-23;588;547-34-84;463-875-235;e.sokolov;Калининградский филиал;ИТ-отдел;Служба технической поддержки;
Торлопов;8cf/69b.jpg;Леонид;Кириллович;менеджер;l.torlopov@example.com;15.07.1977;M;154-67-34;722;154-42-45;456-674-234;l.torlopov;Калининградский филиал;ИТ-отдел;Служба технической поддержки;
Тормасов;7b7/70b.jpg;Матвей;Львович;менеджер;m.tormasov@example.com;16.07.1985;M;375-37-74;571;563-23-35;374-634-231;m.tormasov;Калининградский филиал;ИТ-отдел;Служба технической поддержки;
Финяев;de4/71b.jpg;Вячеслав;Виталиевич;менеджер;v.finyaev@example.com;17.07.1982;M;165-47-32;652;375-34-67;563-674-236;v.finyaev;Калининградский филиал;ИТ-отдел;Служба технической поддержки;
Лойко;c38/1b.jpg;Мария;Осиповна;конструктор;m.lojko@example.com;04.07.1978;F;674-83-83;470;562-89-83;431-834-216;m.lojko;Новосибирский филиал;Производственный отдел;Конструкторский сектор;
Цубатов;bc8/72b.jpg;Павел;Сергеевич;инженер;p.cubatov@example.com;18.07.1983;M;165-75-23;872;547-34-87;745-243-624;p.cubatov;Калининградский филиал;ИТ-отдел;Служба технической поддержки;
Южин;096/73b.jpg;Олег;Станиславович;менеджер;o.yuzhin@example.com;19.07.1985;M;199-45-97;902;753-34-76;495-289-490;o.yuzhin;Калининградский филиал;ИТ-отдел;Служба технической поддержки;
Ярилин;216/74b.jpg;Вадим;Леонидович;менеджер;v.yarilin@example.com;20.07.1983;M;165-46-37;675;463-67-34;864-234-724;v.yarilin;Калининградский филиал;ИТ-отдел;Служба технической поддержки;
Ярилов;743/75b.jpg;Валентин;Львович;менеджер;v.yarilov@example.com;21.07.1983;M;154-75-32;745;435-76-34;764-345-974;v.yarilov;Калининградский филиал;ИТ-отдел;Служба защиты информации;
Бабок;f18/2b.jpg;Наталья;Валентиновна;конструктор;n.babok@example.com;05.07.1978;F;652-98-83;901;399-51-45;644-954-945;n.babok;Новосибирский филиал;Производственный отдел;Конструкторский сектор;
Грошев;b12/12b.jpg;Андрей;Геннадьевич;конструктор;a.groshev@example.com;06.07.1980;M;438-73-72;168;256-82-83;511-782-221;a.groshev;Новосибирский филиал;Производственный отдел;Конструкторский сектор;
Груздев;152/13b.jpg;Данил;Вячеславович;конструктор;d.gruzdev@example.com;07.07.1978;M;567-78-83;678;653-83-94;672-834-332;d.gruzdev;Новосибирский филиал;Производственный отдел;Конструкторский сектор;
Данилов;68d/14b.jpg;Леонид;Иванович;конструктор;l.danilov@example.com;08.07.1976;M;653-73-73;524;567-84-83;622-833-821;l.danilov;Новосибирский филиал;Производственный отдел;Конструкторский сектор;
Дорофеев;bf8/42-17703660.gif;Геннадий;Алексеевич;конструктор;g.dorofeev@example.com;09.07.1978;M;567-32-73;368;547-73-83;379-832-832;g.dorofeev;Новосибирский филиал;Производственный отдел;Конструкторский сектор;
Дроздов;794/200479221-001.gif;Александр;Юрьевич;конструктор;a.drozdov@example.com;10.07.1980;M;633-83-94;369;622-83-43;628-832-832;a.drozdov;Новосибирский филиал;Производственный отдел;Конструкторский сектор;
Елсуков;9a2/73122053.gif;Евгений;Петрович;главный конструктор;e.elsukov@example.com;11.07.1976;M;333-83-83;675;688-83-94;617-832-832;e.elsukov;Новосибирский филиал;Производственный отдел;Конструкторский сектор;
Кленицкий;ed6/18b.jpg;Дмитрий;Викентьевич;конструктор;d.klenickij@example.com;12.07.1975;M;620-56-93;546;567-83-93;278-832-322;d.klenickij;Новосибирский филиал;Производственный отдел;Конструкторский сектор;
Мадьяров;635/200507598-001.gif;Владимир;Рафкатович;дизайнер;v.madyarov@example.com;13.07.1976;M;567-84-83;667;844-84-43;622-983-832;v.madyarov;Новосибирский филиал;Производственный отдел;Отдел дизайна;
Мисевич;aac/42-18010717.gif;Алексей;Васильевич;дизайнер;a.misevich@example.com;14.07.1975;M;722-94-94;156;629-94-94;733-893-833;a.misevich;Новосибирский филиал;Производственный отдел;Отдел дизайна;
Жаркевич;6e5/21b.jpg;Андрей;Владимирович;дизайнер;a.zharkevich@example.com;15.07.1969;M;;;;;a.zharkevich;Новосибирский филиал;Производственный отдел;Отдел дизайна;
Тульев;571/22b.jpg;Валентин;Валентинович;дизайнер;v.tulev@example.com;16.07.1978;M;680-83-94;789;880-43-63;898-833-828;v.tulev;Новосибирский филиал;Производственный отдел;Отдел дизайна;
Булай;a17/3b.jpg;Ольга;Олеговна;дизайнер;o.bulaj@example.com;17.07.1978;F;564-943-784;773;544-84-33;633-832-832;o.bulaj;Новосибирский филиал;Производственный отдел;Отдел дизайна;
Волошина;058/4b.jpg;Любовь;Васильевна;дизайнер;l.voloshina@example.com;18.07.1976;F;954-94-52;749;733-90-83;622-721-858;l.voloshina;Новосибирский филиал;Производственный отдел;Отдел дизайна;
Евстафьева;655/5b.jpg;Алеся;Анатольевна;дизайнер;a.evstafeva@example.com;19.07.1978;F;736-84-94;338;348-83-32;793-943-228;a.evstafeva;Новосибирский филиал;Производственный отдел;Отдел дизайна;
Зеркина;d5c/stk147530rke.gif;Елена;Семеновна;дизайнер;e.zerkina@example.com;20.07.1980;F;356-83-93;579;764-89-84;279-943-944;e.zerkina;Новосибирский филиал;Производственный отдел;Отдел дизайна;
Зорина;ba5/7b.jpg;Наталья;Александровна;дизайнер;n.zorina@example.com;21.07.1978;F;843-94-93;738;657-65-94;379-944-944;n.zorina;Новосибирский филиал;Производственный отдел;Отдел дизайна;
Иванова;65f/42-17924555.gif;Наталья;Александровна;дизайнер;n.ivanova@example.com;22.07.1973;F;546-36-22;530;952-52-22;330-523-628;n.ivanova;Новосибирский филиал;Производственный отдел;Отдел дизайна;
Долгий;f70/73828670.gif;Валерий;Казимирович;программист-разработчик;v.dolgij@example.com;23.07.1980;M;356-84-83;378;327-44-93;379-832-942;v.dolgij;Новосибирский филиал;Производственный отдел;Сектор разработки ПО;
Чаевский;0d8/200068573-001.gif;Вадим;Витальевич;программист-разработчик;v.chaevskij@example.com;24.07.1975;M;536-84-94;371;889-87-84;356-833-832;v.chaevskij;Новосибирский филиал;Производственный отдел;Сектор разработки ПО;
Сапунов;a18/200118194-001.gif;Владимир;Викторович;программист-разработчик;v.sapunov@example.com;25.07.1968;M;374-83-93;564;377-87-93;744-833-831;v.sapunov;Новосибирский филиал;Производственный отдел;Сектор разработки ПО;
Жихарев;489/26b.jpg;Александр;Владимирович;программист-разработчик;a.zhiharev@example.com;26.07.1980;M;654-94-89;449;389-39-43;985-944-931;a.zhiharev;Новосибирский филиал;Производственный отдел;Сектор разработки ПО;
Журбин;20c/27b.jpg;Игорь;Витальевич;программист-разработчик;i.zhurbin@example.com;27.07.1977;M;674-93-67;562;462-73-84;844-830-611;i.zhurbin;Новосибирский филиал;Производственный отдел;Сектор разработки ПО;
Заболотских;dd2/28b.jpg;Владимир;Иванович;программист-разработчик;v.zabolotskih@example.com;28.07.1979;M;599-43-84;633;785-94-43;489-095-953;v.zabolotskih;Новосибирский филиал;Производственный отдел;Сектор разработки ПО;
Зизевский;355/200156574-001.gif;Николай;Владимирович;программист-разработчик;n.zizevskij@example.com;29.07.1977;M;479-94-43;402;468-43-43;637-932-945;n.zizevskij;Новосибирский филиал;Производственный отдел;Сектор разработки ПО;
Кузбеков;d0c/30b.jpg;Талгат;Хашимович;программист-разработчик;t.kuzbekov@example.com;30.07.1975;M;468-83-83;764;855-94-94;678-230-833;t.kuzbekov;Новосибирский филиал;Производственный отдел;Сектор разработки ПО;
Зарянин;b8d/31b.jpg;Владислав;Климентьевич;программист-разработчик;v.zaryanin@example.com;01.08.1976;M;765-09-43;478;764-83-94;488-943-942;v.zaryanin;Новосибирский филиал;Производственный отдел;Сектор разработки ПО;
Рутковский;825/32b.jpg;Игорь;Вальдемарович;программист-разработчик;i.rutkovskij@example.com;02.08.1976;M;745-95-83;567;745-05-94;468-356-732;i.rutkovskij;Новосибирский филиал;Производственный отдел;Сектор разработки ПО;
Марданов;68d/33b.jpg;Рустэм;Хабибович;аниматор;r.mardanov@example.com;03.08.1979;M;765-44-83;889;382-95-45;844-396-833;r.mardanov;Новосибирский филиал;Производственный отдел;Студия анимации;
Крючкова;c6c/200291175-004.gif;Вера;Александровна;аниматор;v.kryuchkova@example.com;04.08.1976;F;431-94-83;682;643-99-94;332-933-943;v.kryuchkova;Новосибирский филиал;Производственный отдел;Студия анимации;
Курченя;c6e/9b.jpg;Елена;Чеславовна;аниматор;e.kurchenya@example.com;05.08.1961;F;731-83-93;545;567-94-43;855-432-934;e.kurchenya;Новосибирский филиал;Производственный отдел;Студия анимации;
Лапко;5a2/10b.jpg;Татьяна;Владимировна;аниматор;t.lapko@example.com;06.08.1976;F;632-97-93;471;571-94-94;833-444-948;t.lapko;Новосибирский филиал;Производственный отдел;Студия анимации;
Ларина;146/11b.jpg;Татьяна;Ивановна;аниматор;t.larina@example.com;07.08.1976;F;621-83-94;731;638-95-05;532-944-832;t.larina;Новосибирский филиал;Производственный отдел;Студия анимации;
Шандар;0b4/200495913-001.gif;Ольга;Александровна;аниматор;o.shandar@example.com;08.08.1980;F;787-94-94;403;678-83-93;763-833-982;o.shandar;Новосибирский филиал;Производственный отдел;Студия анимации;
Муратова;59d/200472755-001.gif;Зухра;Маратовна;аниматор;z.muratova@example.com;09.08.1976;F;632-72-72;732;737-94-94;732-822-323;z.muratova;Новосибирский филиал;Производственный отдел;Студия анимации;
Овчаренко;776/42-17366152.gif;Ольга;Сергеевна;проект-менеджер;o.ovcharenko@example.com;03.07.1983;F;+7 495 188 95 22;95 22;;687987;o.ovcharenko;Московский филиал;Департамент по работе с клиентами;;
Мироевская;21b/42-17082203.gif;Ирина;Валентиновна;Сервис-менеджер;i.miroevskaya@example.com;18.09.1981;F;+7 495 235 95 44;95 44;;6549687;i.miroevskaya;Московский филиал;Департамент по работе с клиентами;Расчетно-сервисный центр;
Иванов;5d3/42-15536733.gif;Дмитрий;Александрович;Аналитик;d.ivanov@example.com;24.04.1982;M;+7 495 188 95 23;95 23;+7 495 988 65 54;321657876;d.ivanov;Московский филиал;IT-департамент;Отдел  системных решений;
Любимов;c29/AA001425.jpg;Петр;Сергеевич;Ведущий IT-специалист;p.lyubimov@example.com;08.12.1970;M;+7 495 188 95 68;95 68;+7 495 656 32 32;3165467;p.lyubimov;Московский филиал;IT-департамент;Отдел информационно-управляющих систем;
Мамонов;9db/42-16789093.gif;Сергей;Михайлович;системный аналитик;s.mamonov@example.com;08.02.1982;M;+7 495 787 95 32;95 32;+7 495 999 35 65;32165498;s.mamonov;Московский филиал;IT-департамент;Отдел  системных решений;
Митрофанов;cd5/42-16841618.gif;Денис;Александрович;SEO-администратор;d.mitrofanov@example.com;25.05.1980;M;+7 495 188 95 29;95 29;;6876415;d.mitrofanov;Московский филиал;Департамент маркетинга;Отдел интернет маркетинга;
Белов;df4/200178427-009.gif;Евгений;Николаевич;тестировщик веб-приложений;e.belov@example.com;01.05.1990;M;;;;;e.belov;Калининградский филиал;Отдел качества;Отдел тестирования ПО;
Дьяков;7f9/200284458-001.gif;Анатолий;Яковлевич;звукорежиссер;a.dyakov@example.com;10.08.1981;M;446-76-73;733;567-12-95;738-830-833;a.dyakov;Новосибирский филиал;Производственный отдел;Студия звукозаписи;
Сверчинский;4f9/34b.jpg;Сергей;Владиславович;звукорежиссер;s.sverchinskij@example.com;11.08.1976;M;633-74-73;801;584-54-54;346-680-872;s.sverchinskij;Новосибирский филиал;Производственный отдел;Студия звукозаписи;
Кабиров;21c/200299144-001.gif;Салават;Рашитович;звукорежиссер;s.kabirov@example.com;12.08.1978;M;546-50-74;201;955-98-52;736-054-722;s.kabirov;Новосибирский филиал;Производственный отдел;Студия звукозаписи;
Лойкевич;fdc/15b.jpg;Елена;Петровна;звукорежиссер;e.lojkevich@example.com;13.08.1979;F;467-54-53;767;389-90-84;356-838-944;e.lojkevich;Новосибирский филиал;Производственный отдел;Студия звукозаписи;
Бабкин;62b/36b.jpg;Сергей;Энгелевич;аудио-редактор;s.babkin@example.com;14.08.1979;M;749-83-67;681;567-25-63;455-884-832;s.babkin;Новосибирский филиал;Производственный отдел;Студия звукозаписи;
Лашук;297/16b.jpg;Галина;Георгиевна;аудио-редактор;g.lashuk@example.com;15.08.1984;F;764-76-98;674;585-54-51;768-985-085;g.lashuk;Новосибирский филиал;Производственный отдел;Студия звукозаписи;
Седов;249/37b.jpg;Роман;Александрович;программист;r.sedov@example.com;16.08.1978;M;849-98-84;743;674-98-95;741-954-544;r.sedov;Новосибирский филиал;Производственный отдел;Технологический сектор;
Бельтюков;a14/200311548-001.gif;Анатолий;Леонидович;программист;a.beltyukov@example.com;17.08.1980;M;571-55-52;5450;541-54-98;543-107-522;a.beltyukov;Новосибирский филиал;Производственный отдел;Технологический сектор;
Белаш;cdc/200368697-001.gif;Валентина;Петровна;программист-разработчик;v.belash@example.com;18.08.1978;F;702-84-94;7490;363-94-41;761-843-843;v.belash;Новосибирский филиал;Производственный отдел;Технологический сектор;
Лашук;d7e/39b.jpg;Анатолий;Николаевич;программист-разработчик;a.lashuk@example.com;19.08.1980;M;854-63-52;2000;453-52-52;452-976-419;a.lashuk;Новосибирский филиал;Производственный отдел;Технологический сектор;
Левченко;6ca/19b.jpg;Наталья;Александровна;программист;n.levchenko@example.com;20.08.1976;F;491-54-97;659;639-25-52;218-410-425;n.levchenko;Новосибирский филиал;Производственный отдел;Технологический сектор;
Быков;6e7/40b.jpg;Павел;Владимирович;тестировщик;p.bykov@example.com;21.08.1975;M;547-62-62;549;657-97-51;345-759-511;p.bykov;Новосибирский филиал;Отдел качества;Отдел тестирования продукции;
Быстров;b24/200418306-002.gif;Сергей;Геннадьевич;тестировщик;s.bystrov@example.com;22.08.1979;M;531-34-95;7491;879-54-84;391-898-833;s.bystrov;Новосибирский филиал;Отдел качества;Отдел тестирования продукции;
Ленкова;478/72983899.gif;Лариса;Александровна;тестировщик;l.lenkova@example.com;23.08.1976;F;761-73-73;312;467-25-75;578-833-833;l.lenkova;Новосибирский филиал;Отдел качества;Отдел тестирования продукции;
Рябкова;56f/21b.jpg;Анна;Павловна;тестировщик;a.ryabkova@example.com;24.08.1976;F;651-84-85;3780;732-84-43;674-844-833;a.ryabkova;Новосибирский филиал;Отдел качества;Отдел тестирования продукции;
Шульга;a12/22b.jpg;Оксана;Константиновна;тестировщик;o.shulga@example.com;25.08.1980;F;441-73-95;502;637-87-22;738-843-325;o.shulga;Новосибирский филиал;Отдел качества;Отдел тестирования продукции;
Шумило;b91/23b.jpg;Татьяна;Витальевна;программист-разработчик;t.shumilo@example.com;26.08.1977;F;651-89-94;7330;734-41-89;844-468-954;t.shumilo;Новосибирский филиал;Отдел качества;Отдел технических требований;
Рыбникова;9d7/24b.jpg;Людмила;Владимировна;программист-разработчик;l.rybnikova@example.com;27.08.1979;F;744-94-54;480;441-95-53;742-985-943;l.rybnikova;Новосибирский филиал;Отдел качества;Отдел технических требований;
Волкова;02a/25b.jpg;Людмила;Мироновна;программист-разработчик;l.volkova@example.com;28.08.1956;F;851-95-64;853;680-54-85;908-565-543;l.volkova;Новосибирский филиал;Отдел качества;Отдел технических требований;
Кныш;9b2/26b.jpg;Татьяна;Николаевна;программист-разработчик;t.knysh@example.com;29.08.1975;F;841-95-99;574;841-33-98;890-545-833;t.knysh;Новосибирский филиал;Отдел качества;Отдел технических требований;
Кочегарова;2b2/27b.jpg;Лариса;Александровна;программист-разработчик;l.kochegarova@example.com;30.08.1979;F;744-92-84;840;449-89-54;859-840-548;l.kochegarova;Новосибирский филиал;Отдел качества;Отдел технических требований;
Аронова;f4e/28b.jpg;Виктория;Валерьевна;эксперт;v.aronova@example.com;01.09.1978;F;763-90-09;763;769-83-83;798-945-943;v.aronova;Новосибирский филиал;Отдел качества;Отдел экспертного заключения;
Хвалей;745/29b.jpg;Оксана;Владимировна;эксперт;o.hvalej@example.com;02.09.1977;F;442-84-83;737;640-94-98;736-975-832;o.hvalej;Новосибирский филиал;Отдел качества;Отдел экспертного заключения;
Едчик;8f2/30b.jpg;Иван;Адамович;эксперт;i.edchik@example.com;03.09.1980;F;637-73-87;631;877-83-87;732-126-843;i.edchik;Новосибирский филиал;Отдел качества;Отдел экспертного заключения;
Волрова;4d9/31b.jpg;Людмила;Мироновна;эксперт;l.volrova@example.com;04.09.1979;F;654-64-73;372;667-65-08;637-833-732;l.volrova;Новосибирский филиал;Отдел качества;Отдел экспертного заключения;
Фадеева;b9c/34b.jpg;Галина;Леонидовна;эксперт;g.fadeeva@example.com;06.09.1980;F;763-98-53;521;657-80-72;631-943-942;g.fadeeva;Новосибирский филиал;Отдел качества;Отдел экспертного заключения;
Лобанова;37f/33b.jpg;Валентина;Анатольевна;ревизор;v.lobanova@example.com;07.09.1980;F;239-89-52;939;297-52-21;295-219-310;v.lobanova;Новосибирский филиал;Финансовый отдел;Отдел контрольно-ревизионной работы;
Волков;ebf/42b.jpg;Василий;Анатольевич;ревизор;v.volkov@example.com;08.09.1976;M;733-09-94;843;237-94-83;390-832-421;v.volkov;Новосибирский филиал;Финансовый отдел;Отдел контрольно-ревизионной работы;
Величко;d75/43b.jpg;Валерий;Викторович;ревизор;v.velichko@example.com;09.09.1974;M;457-88-83;734;733-83-23;842-944-943;v.velichko;Новосибирский филиал;Финансовый отдел;Отдел контрольно-ревизионной работы;
Васильева;da1/35b.jpg;Елена;Николаевна;ревизор;e.vasileva@example.com;10.09.1978;F;452-89-84;741;456-34-95;633-145-936;e.vasileva;Новосибирский филиал;Финансовый отдел;Отдел контрольно-ревизионной работы;
Ведерникова;057/36b.jpg;Анна;Викторовна;ревизор;a.vedernikova@example.com;11.09.1981;F;351-84-95;742;356-94-98;628-578-827;a.vedernikova;Новосибирский филиал;Финансовый отдел;Отдел контрольно-ревизионной работы;
Левина;e47/37b.jpg;Людмила;Георгиевна;бухгалтер;l.levina@example.com;12.09.1979;F;657-95-83;768;762-72-32;546-954-932;l.levina;Новосибирский филиал;Финансовый отдел;Бухгалтерия;
Гималетдинова;9f4/39b.jpg;Эльвира;Рудольфовна;бухгалтер;e.gimaletdinova@example.com;13.09.1973;F;877-83-98;653;733-14-94;739-943-835;e.gimaletdinova;Новосибирский филиал;Финансовый отдел;Бухгалтерия;
Погодина;751/40b.jpg;Олеся;Александровна;бухгалтер;o.pogodina@example.com;14.09.1980;F;659-94-82;791;990-72-87;632-223-944;o.pogodina;Новосибирский филиал;Финансовый отдел;Бухгалтерия;
Трофимова;240/41b.jpg;Наталья;Владимировна;бухгалтер;n.trofimova@example.com;15.09.1973;F;763-97-83;683;638-93-98;733-239-936;n.trofimova;Новосибирский филиал;Финансовый отдел;Бухгалтерия;
Боровкова;891/42b.jpg;Марина;Александровна;бухгалтер;m.borovkova@example.com;16.09.1980;F;843-94-45;451;468-89-87;743-983-832;m.borovkova;Новосибирский филиал;Финансовый отдел;Бухгалтерия;
Баянкин;85b/44b.jpg;Владимир;Яковлевич;программист;v.bayankin@example.com;17.09.1978;M;600-83-94;876;438-94-93;368-943-893;v.bayankin;Новосибирский филиал;ИТ-отдел;Служба защиты информации;
Загайнов;fc2/46b.jpg;Анатолий;Викторович;программист;a.zagajnov@example.com;18.09.1974;M;743-94-94;891;737-87-51;955-443-832;a.zagajnov;Новосибирский филиал;ИТ-отдел;Служба защиты информации;
Ильясов;cb2/47b.jpg;Рустам;Сабитович;программист;r.ilyasov@example.com;19.09.1975;M;446-42-36;4780;657-15-84;368-550-832;r.ilyasov;Новосибирский филиал;ИТ-отдел;Служба защиты информации;
Камаева;62b/43b.jpg;Лариса;Вячеславовна;программист;l.kamaeva@example.com;20.09.1980;F;622-98-81;771;658-83-13;849-943-357;l.kamaeva;Новосибирский филиал;ИТ-отдел;Служба защиты информации;
Волкова;1f8/44b.jpg;Ирина;Борисовна;программист;i.volkova@example.com;21.09.1978;F;635-61-19;591;690-41-51;299-518-677;i.volkova;Новосибирский филиал;ИТ-отдел;Служба защиты информации;
Еремина;349/45b.jpg;Марина;Анатольевна;программист-разработчик;m.eremina@example.com;22.09.1979;F;843-89-83;833;871-93-64;677-834-053;m.eremina;Новосибирский филиал;ИТ-отдел;Служба программной поддержки;
Канунникова;929/46b.jpg;Ольга;Михайловна;программист-разработчик;o.kanunnikova@example.com;23.09.1984;F;489-05-94;892;647-87-34;779-942-932;o.kanunnikova;Новосибирский филиал;ИТ-отдел;Служба программной поддержки;
Колотов;b3a/48b.jpg;Андрей;Александрович;программист-разработчик;a.kolotov@example.com;24.09.1976;M;742-93-89;735;784-94-82;876-943-822;a.kolotov;Новосибирский филиал;ИТ-отдел;Служба программной поддержки;
Хубаев;a88/200133001-001.gif;Денис;Юрьевич;тестировщик ПО;d.hubaev@example.com;10.05.2007;M;;;;;d.hubaev;Московский филиал;IT-департамент;Отдел информационно-управляющих систем;
Комаров;757/49b.jpg;Владимир;Иванович;программист-разработчик;v.komarov@example.com;25.09.1979;M;736-51-25;7350;437-87-82;728-831-897;v.komarov;Новосибирский филиал;ИТ-отдел;Служба программной поддержки;
Коныгин;2f2/50b.jpg;Григорий;Николаевич;программист-разработчик;g.konygin@example.com;26.09.1980;M;723-05-83;851;678-25-72;678-157-953;g.konygin;Новосибирский филиал;ИТ-отдел;Служба программной поддержки;
Ладьянов;6f1/51b.jpg;Владимир;Иванович;системный администратор;v.ladyanov@example.com;27.09.1979;M;842-94-94;748;763-94-83;784-942-943;v.ladyanov;Новосибирский филиал;ИТ-отдел;Служба технической поддержки;
Милич;499/52b.jpg;Владимир;Николаевич;системный администратор;v.milich@example.com;28.09.1975;M;763-24-06;841;590-83-36;547-984-83`;v.milich;Новосибирский филиал;ИТ-отдел;Служба технической поддержки;
Молин;ba4/53b.jpg;Сергей;Михайлович;системный администратор;s.molin@example.com;29.09.1981;M;839-82-45;455;842-94-42;975-942-641;s.molin;Новосибирский филиал;ИТ-отдел;Служба технической поддержки;
Муравьев;ba2/54b.jpg;Алексей;Евгеньевич;системный администратор;a.muravev@example.com;30.09.1980;M;894-94-84;902;846-43-93;903-832-893;a.muravev;Новосибирский филиал;ИТ-отдел;Служба технической поддержки;
Небогатиков;9b1/55b.jpg;Николай;Михайлович;системный администратор;n.nebogatikov@example.com;01.10.1978;M;724-84-89;523;722-83-85;568-922-837;n.nebogatikov;Новосибирский филиал;ИТ-отдел;Служба технической поддержки;
Карбань;e07/47b.jpg;Оксана;Владиславовна;юрист;o.karban@example.com;02.10.1979;F;734-83-94;842;436-83-36;955-789-942;o.karban;Новосибирский филиал;Юридический отдел;;
Климова;045/48b.jpg;Ирина;Николаевна;юрист;i.klimova@example.com;03.10.1978;F;652-35-83;739;732-35-91;658-831-836;i.klimova;Новосибирский филиал;Юридический отдел;;
Ломаева;950/49b.jpg;Светлана;Федоровна;юрист;s.lomaeva@example.com;04.10.1977;F;873-98-25;373;782-94-71;548-245-094;s.lomaeva;Новосибирский филиал;Юридический отдел;;
Чернова;ff1/50b.jpg;Тамара;Федоровна;юрист;t.chernova@example.com;05.10.1975;F;228-93-12;629;739-34-81;789-933-821;t.chernova;Новосибирский филиал;Юридический отдел;;
Дижбак;3e4/51b.jpg;Елена;Викторовна;юрист;e.dizhbak@example.com;06.10.1973;F;358-87-72;744;621-83-82;781-328-921;e.dizhbak;Новосибирский филиал;Юридический отдел;;
Никитин;58c/56b.jpg;Андрей;Вячеславович;охранник;a.nikitin@example.com;07.10.1980;M;735-83-65;621;561-78-72;763-983-153;a.nikitin;Новосибирский филиал;Отдел службы безопасности;;
Сюгаев;475/200524266-002.gif;Александр;Вячеславович;охранник;a.syugaev@example.com;08.10.1975;M;211-89-35;852;736-72-76;723-831-932;a.syugaev;Новосибирский филиал;Отдел службы безопасности;;
Титоров;218/58b.jpg;Дмитрий;Борисович;охранник;d.titorov@example.com;09.10.1976;M;657-67-83;571;367-94-35;678-894-831;d.titorov;Новосибирский филиал;Отдел службы безопасности;;
Трапезников;4bf/60b.gif;Виктор;Александрович;охранник;v.trapeznikov@example.com;10.10.1975;M;575-27-89;632;572-94-98;653-842-374;v.trapeznikov;Новосибирский филиал;Отдел службы безопасности;;
Холзаков;2e3/3700-003588.gif;Александр;Владимирович;начальник службы безопасности;a.holzakov@example.com;11.10.1975;M;783-95-83;781;769-35-84;378-943-337;a.holzakov;Новосибирский филиал;Отдел службы безопасности;;
Ломова;118/52b.jpg;Наталья;Валентиновна;офис-менеджер;n.lomova@example.com;12.10.1979;F;622-89-72;736;423-98-76;832-828-916;n.lomova;Новосибирский филиал;Отдел материально-технического обеспечения;;
Ляхович;c59/53b.jpg;Алевтина;Михайловна;офис-менеджер;a.lyahovich@example.com;13.10.1980;F;732-97-82;481;749-94-94;490-328-984;a.lyahovich;Новосибирский филиал;Отдел материально-технического обеспечения;;
Михайлова;2d9/54b.jpg;Софья;Сергеевна;офис-менеджер;s.mihajlova@example.com;14.10.1981;F;317-84-72;7320;622-72-82;673-832-212;s.mihajlova;Новосибирский филиал;Отдел материально-технического обеспечения;;
Немцова;ebf/55b.jpg;Ольга;Михайловна;офис-менеджер;o.nemcova@example.com;15.10.1976;F;833-83-35;745;732-73-72;278-985-821;o.nemcova;Новосибирский филиал;Отдел материально-технического обеспечения;;
Телегина;f3a/56b.jpg;Марианна;Викторовна;офис-менеджер;m.telegina@example.com;16.10.1979;F;623-83-83;381;627-93-78;722-832-818;m.telegina;Новосибирский филиал;Отдел материально-технического обеспечения;;
